companyName,applyUrl,length
Biocatalysts,https://cezanneondemand.intervieweb.it/app.php?opmode=guest&module=iframeAnnunci&act1=1&IdAnnuncio=58856&view=list&k=8a6ff0015cbe80fe8a01ab381ce8a061&defgroup=name&gnavenable=1&desc=1&typeView=large&LAC=biocats&h=400&d=www.biocatalysts.com&lang=en,247
PEAK6,https://peak6.ongig.com/jobs/information-technology/chicago-illinois-united-states-of-america/senior-information-security-engineer/JR102088?utm_source=linkedin&amp;utm_medium=referral&amp;utm_campaign=ongig-job-aggregators&amp;group=1767,237
WTW,https://careers.wtwco.com/jobs/senior-catastrophe-research-analyst-hurricane-specialist-minneapolis-minnesota-united-states-new-york-boston-massachusetts-portland-maine-houston-texas-denver-colorado-chicago-illinois-los-an?source=indeed,236
WayUp,https://www.wayup.com/i-Pharmaceuticals-j-Finance-Analyst-AbbVie-461354259380244/?utm_source=linkedin-xml&utm_medium=jobxml&utm_campaign=linkedin-XML-APPS-5540395-32915209&refer=lnkslot-APPS-5540395-32915209,207
Meltwater,https://meltwatercareers.ttcportals.com/en/jobs/16844720-strategic-enterprise-account-executive?tm_job=12248-OTHLOC-CDxnYfwf&tm_event=view&tm_company=89119&bid=370&__jvst=Job+Board&__jvsd=LinkedIn,196
MITRE,https://careers.mitre.org/us/en/job/MITRUSR115687EXTERNALENUS/Entry-Level-Data-Science-Artificial-Intelligence-Operations-Research-Math-and-Statistics?utm_source=JB-10061&utm_medium=phenom-feeds,194
Cove,https://careers.cove.is/jobs/6760448-account-executive?utm_campaign=jobs-widget&utm_source=careers.cove.is&utm_content=jobs&utm_medium=web&_gl=1*z819y5*_gcl_au*MTM4OTk4MTc2Ni4xNzY0MTM2MTI5,188
HUB International,https://careers.hubinternational.com/us/en/job/HULHICUSR0032747EXTERNALENUS/HUB-International-Specialty-Program-Group-Summer-Internship-2026?utm_source=indeed&utm_medium=phenom-feeds,182
PepsiCo,https://pepsicojobs.com/jobs/391999/job?utm_source=indeed_integration&iis=Job%20Board&iisn=Indeed&indeed-apply-token=73a2d2b2a8d6d5c0a62696875eaebd669103652d3f0c2cd5445d3e66b1592b0f,181
Schneider Electric,https://careers.se.com/jobs/101842/job?utm_source=indeed_integration&iis=Job%20Board&iisn=Indeed&indeed-apply-token=73a2d2b2a8d6d5c0a62696875eaebd669103652d3f0c2cd5445d3e66b1592b0f,180
Mars,https://careers.mars.com/global/en/job/MARSGLOBALR139055EXTERNALENGLOBAL/Senior-Principal-Scientist-Global-Scientific-Regulatory-Affairs?utm_source=indeed&utm_medium=phenom-feeds,178
"Supernus Pharmaceuticals, Inc.",https://supernus.rec.pro.ukg.net/SUP1013SUPR/JobBoard/0ba1c63b-6f87-401f-a48b-9dc4fbd8561a/OpportunityDetail?opportunityId=2b99d46a-b055-4144-913a-acae546adf96&source=LinkedIn,175
AHOLD Delhaize,https://aholddelhaizeusa.careerswithus.com/job/Product%20Management%20%26%20Design/Senior-Manager%2C-Experience-Design/Chicago-IL/ADUSArms/459047_external_USA-IL-Chicago,169
Alverno Clinical Laboratories,https://alvernolabcareers.ttcportals.com/jobs/17005716-mt-slash-mlt-slash-laboratory-scientist-40-hours-per-week-pm?tm_job=5147-2025&tm_event=view&tm_company=13438,163
Talution Group,https://www.talution.com/job-details/lead-vetting-data-entry-6-week-contract-start-immediately-onsite-5-daysweek-in-food-beverage-jobs-1191708?src=LinkedInPost,159
Cboe Global Markets,https://careers.cboe.com/us/en/job/CBJCGMUSR4150EXTERNALENUS/Global-Derivatives-Business-Strategy-Research-Intern?utm_source=indeed&utm_medium=phenom-feeds,155
SPR,https://sprconsulting.my.salesforce-sites.com/FCMS__CMSLayout?jobIds=aBdTO0000007aBd0AI&page=JobDetailPage&sessionId=&jobSite=default&p=Candidate&source=,153
Battelle,https://jobs.battelle.org/us/en/job/BMIBMIUS75841EXTERNALENUS/Commercial-Sales-Director-Analytical-Chemistry?utm_source=LinkedIn&utm_medium=phenom-feeds,152
"Octapharma Plasma, Inc.",https://careers.octapharmaplasma.com/us/en/job/OCAOCTUS1673EXTERNALENUS/Donor-Center-Tech-I?utm_source=linkedin&utm_medium=phenom-feeds&src=LinkedIn,148
AgileEngine,https://recruit.zoho.com/recruit/ViewJob.na?digest=l%40t.6K4ByLHs8JAwAM6StNNSLa3VpiUhNMowNQvflFU-&embedsource=LinkedIn%2BLimited%2BListings,139
LLX Solutions,https://llxsols.betterteam.com/statistician-sas-programming-internship?utm_source=indeed&utm_medium=web_xmlfeed&utm_campaign=indeed_organic,139
Crowe,https://careers.crowe.com/job/CROCROUSR49192EXTERNALENUS/D365-ERP-Senior-Project-Coordinator?utm_source=linkedin&utm_medium=phenom-feeds,136
Ecolab,https://jobs.ecolab.com/global/en/job/EIYEIEUSR00277407EXTERNALENGLOBAL/Sr-Global-Technical-Consultant-LS?utm_source=srm_indeed_org,131
Molson Coors Beverage Company,https://careers.molsoncoors.com/us/en/job/MQXMOLUS35172EXTERNALENUS/MBA-Marketing-Intern?utm_source=indeed&utm_medium=phenom-feeds,130
UST,https://usource.ripplehire.com/candidate/?token=8YxWjpwDhdL62DFYUIcQ&lang=en&source=USTLINKEDIN&ref=USTLINKEDIN#detail/job/47441,128
Recipharm,https://web103.reachmee.com/ext/I018/847/job?site=10&lang=UK&validator=1927b190c88ba688b78e6e75b7486aa0&job_id=3592&src=LinkedIn,128
Crowe LLP,https://careers.crowe.com/job/CROCROUSR49675EXTERNALENUS/R-D-Tax-Credit-Senior-Manager?utm_source=indeed&utm_medium=phenom-feeds,128
Sinai Chicago,https://jobs.sinaichicago.org/jobs/2103775-shs-nr-rsch-ed-nurse-educator?tm_job=26059-20672&tm_event=view&tm_company=428&bid=326,128
GuruSchools LLC,https://guruschools.oorwin.ai/#/careers/index.html/job/198fbd2845b65b2797de443a3de8ed10eded0ad1?source=linkedin_free&postedby=1,127
CDM Smith,https://sjobs.brassring.com/TGnewUI/Search/home/HomeWithPreLoad?partnerid=25038&siteid=5220&PageType=JobDetails&jobid=1600461,125
Terumo Neuro,https://sjobs.brassring.com/TGnewUI/Search/home/HomeWithPreLoad?PageType=JobDetails&partnerid=25987&siteid=5297&jobid=890132,124
"FTI Consulting, Inc.",https://fticonsult.referrals.selectminds.com/fticareers/jobs/senior-consultant-data-scientist-forensics-and-litigation-21559,124
Precision Neuroscience,https://precisionneuro.pinpointhq.com/postings/db6e89be-6573-498a-a054-bdab441f0d1d?utm_medium=job_board&utm_source=indeed,122
INSIGHTEC,https://www.comeet.com/company/insightec/4A.004/clinical-applications-specialist---northcentral/D5.95A?coref=1.10.s63_A52,121
Riparian LLC,https://careers.envisionpharmagroup.com/jobs/vacancy/government-pricing-onboarding-manager-1217-remote/1235/description/,120
Mathematica,https://careers.mathematica.org/job/washington/sr-fellow-value-based-care-implementation-remote-eligible/727/86523651200,120
SelfDecode,https://perfectlyhired.com/jobs/selfdecode/engineering/full-stack-python-team-lead/519013aa-b257-43ec-a9a9-1efd0f80bb47,119
Evident Scientific,https://careers.evidentscientific.com/job/Waltham-Senior-Software-Engineer%2C-SQA-Automation-MA-02453/1343916400/,113
Selvita,"https://recruitment.elevato.net/en/research-assistant-compound-management-chemistry-department,j,581?source=1021",112
PQE Group,https://www1.jobdiva.co.uk/portal/?a=eijdnwu046az8v3jirb5yj1mb6pnytc40eu5mxutw9z336e210ps4q2fw119hcqi&compid=0#/,112
Infosys,https://digitalcareers.infosys.com/infosys/global-careers/apply-lead-consultant-agri-tech/490976?Codes=LinkedIn,111
CTI Clinical Trial and Consulting,https://www.ctifacts.com/careers/join-the-cti-team?gnk=job&gni=8a7885ac6b7b7d30016bd294a5b332ce&gns=Indeed+Free,111
ApTask,https://www2.jobdiva.com/portal/?a=4ujdnwqsdebu7m13em5f0pt5dw80o500d7dv9cbq5ebzngb7yk0n43mjtefnbx0d&compid=0#/,110
Purohit Navigation,"https://jobs.localjobnetwork.com/j/t-strategic-planner-e-purohit-navigation-l-chicago,-il-jobs-j80214895.html",109
Civica Rx,https://civica-inc.prismhr-hire.com/job/942142/manager-market-access-implementation-biosimilars-563?s=lif,105
Appex Innovation,https://appexinnovation.zohorecruit.com/jobs/Careers/380558000014663014/UI-UX-Designer?source=CareerSite,104
Aromyx,https://aromyx.com/rising-inflation-creates-a-rise-in-opportunity-for-private-label-beauty-innovation/,102
Ingersoll-Rand,https://ir-jobs.dzconnex.com/job-details/software-test-engineer-in-information-technology-jobs-1355300,102
FDM Group,https://careers.fdmgroup.com/vacancies/1929/microsoft-dynamics-developer-expeirenced--chicago-il.html,101
"Kayem Foods, Inc.",http://recruit.hirebridge.com/v3/careercenter/v2/details.aspx?bid=1&jid=719533&cid=7718&locvalue=1010,101
Immunai,https://www.comeet.com/company/immunai/37.009/team-lead---llm-agents-for-biological-reasoning/A4.951,100
Saragossa,https://saragossa.co.uk/insights/freedom-security-adventure-what-a-career-at-saragossa-really-means/,100
Brainlab,https://www.brainlab.com/career/jobs/working-student-digital-services-munich-by-de-744000095408936/,99
Fitch Group,https://careers.fitch.group/job/Chicago-Principal-Data-Scientist-%28Chicago%29-IL-60290/1255217701/,99
Allied Universal,https://apply-v41.jobsync.io/indeed/r-app/eb3cbdfc1f97b6fc70ebd202e5caca8e83eb5e399a480e896bbd0913/,99
Crothall Healthcare,https://apply-v3.jobsync.io/indeed/r-app/69983ee8a79e2113d5cba0e6957640b1027ff5db48e2b04eff0c733a/,98
CEPI (Coalition for Epidemic Preparedness Innovations),https://cepi.my.salesforce-sites.com/careers/xcdrecruit__PositionDetails?id=a43P3000009plUPIAY,94
Hitachi Digital Services,https://hitachids.com/careers/job-details/?jid=8155402002&gh_jid=8155402002&gh_src=2379dea32us,94
"Konica Minolta Business Solutions U.S.A., Inc.",https://careers.konicaminoltaus.com/careers-home/jobs/11768?lang=en-us&mode=apply&iis=LinkedIn,94
Electra Therapeutics,https://www.electra-therapeutics.careers/job/associate-directordirector-regulatory-affairs/,91
Croda,https://croda.csod.com/ux/ats/careersite/5/home/requisition/5201?c=croda&source=linkedin,88
Indigo Agriculture,https://www.indigoag.com/sr.-director-commercial-biologicals-job-application-indigo-ag,86
Renasant Bio,https://www.renasantbio.com/jobs-contract-research-associate-senior-research-associate,86
Immunocore,https://peoplecore.my.salesforce-sites.com/recruit/fRecruit__ApplyJob?vacancyNo=VN685,85
SRAM,https://career4.successfactors.com/sfcareer/jobreqcareer?jobId=3962&company=SRAMprod,84
PLG Consulting & Digital,https://www.productlifegroup.com/company/senior-principal-veeva-consultant-vaf-424/,83
Hitachi Energy,https://www.hitachienergy.com/careers/open-jobs/details/JID3-158167?source=linkedin,83
Ferrero,https://www.ferrerocareers.com/int/en/jobs/research-innovation-project-specialist,81
Allonnia,https://allonnia.topgradinghire.com/job/796988/general-interest-application?s=cw,80
Atea Pharmaceuticals,https://careers.topechelon.com/portals/0e42a0a4-8241-470e-9801-8621fad42378/jobs,80
Proxet,https://nation.proxet.com/careers/senior-automation-quality-assurance-engineer-2,80
Evosep Biosystems,https://recruit.hr-on.com/frame-api/pages/list-jobs?locale=en_US&companyid=1361,79
mathworks,https://www.mathworks.com/company/jobs/opportunities.html?s_tid=hp_ff_a_careers,79
DE-CIX,https://de-cix.onlyfy.jobs/application/de/apply/4zyji1qh5d3rko2slfuekatabda1yxm,79
Signature Healthcare,https://pm.healthcaresource.com/CS/brocktonhospital/#/job/18217?source=Indeed,77
Fast Genetics,https://www.acufastswine.com/job-article/a6a11982-8130-46c4-994b-5dc42cc955ac,77
HotRun Inc.,https://hotrun.talentnest.com/en/posting/213257/location/257528?source=indeed,77
Neomorph,https://neomorph-inc.alphastaff-hiring.com/job/921723/director-virology?s=cw,76
Apex Systems,https://www.apexsystems.com/job/3009126_usa/digital-analytics-senior-analyst,76
Oxford PharmaGenesis,https://careers.pharmagenesis.com/vacancies/1238/senior-medical-writer.html,75
Align Technology,https://jobs.aligntech.com/en/postings/663ade34-5a02-4bb3-b871-c810f23815e6,75
AIS Healthcare,https://recruit.hirebridge.com/v3/Jobs/JobDetails.aspx?cid=8029&jid=719119,74
ChemoMetec Inc,https://chemometec.com/work-for-us/?hr=show-job%2F284284%26locale%3Den_US,73
Dechra,https://careershub.dechra.com/members/modules/job/detail.php?record=2417,72
Stilla Technologies,https://www.welcometothejungle.com/fr/companies/stilla-technologies/jobs,72
Prenosis,https://prenosis.recruitee.com/o/senior-clinical-application-specialist,71
Experis,https://click.appcast.io/t/Uv-vI0v-vPrkr0Xu9L3-lNzG1X8xUHZba9JrTgFV_mI=,71
Corza Medical,https://corza-hr.my.salesforce-sites.com/Recruit/fRecruit__ApplyJobList,71
scinomix,https://scinomix.com/about/employment/job-application/firmware-engineer,71
Wayfair,https://click.appcast.io/t/tE4rW5GUky02Rm4V236Pg3njW0vTrAShGKHOL2zRlMM=,71
The Hartford,https://click.appcast.io/t/wWQmQz6UKgO0ED6a8Gss4t6FMLLQlh5EMhfJqsbsPW0=,71
Kellanova,https://click.appcast.io/t/Q-vU-zqo8Sva_RAFwvvRhpN1UcWdFvXwPOakgyhR35M=,71
35Pharma,https://www.35pharma.com/careers/research-associate-process-development,71
"Sunrise Futures, LLC",https://sunrisefutures.recruiterbox.com/jobs/fk03g41?fjb_hash=ezLpq610,70
Neurensic,https://tradingtechnologies.com/job/site-reliability-engineer-422986/,69
Caterpillar,https://careers.caterpillar.com/en/jobs/r0000335694/sr-ux-researcher/,69
JK Barnes,https://jkbarnes.com/jkb-jobs/deep-learning-researcher-hft-prop-firm/,69
Genabio Diagnostics,https://www.genabio.com/index.php?m=content&c=index&a=lists&catid=67,68
Explico Engineering Co.,https://www.explico.com/careers/experienced-testifying-expert-bio-il,68
Intera Oncology,https://www.interaoncology.com/patients-caregivers/about-us/careers,67
Latinx in AI (LXAI),https://careers.latinxinai.org/jobs/data-science-preceptor-42814a7f,67
Shedd Aquarium,https://sheddaquarium.applicantstack.com/x/detail/a23xwy5utoz4/aaac,67
Ardigen,"https://ardigen.elevato.net/en/full-stack-software-engineer,j,1196",66
The Cultivated B,https://nfactorial.recruitee.com/o/senior-cnc-machinistprogrammer,65
Theradaptive,https://theradaptive.applicantstack.com/x/apply/a2b1c9624z2t/aa0,64
Goliath Partners,https://www.goliathpartners.com/job/ar-2-quantitative-researcher,64
Inter Science Institute,https://www.interscienceinstitute.com/employment-opportunities/,63
Hyatt,https://careers.hyatt.com/en-US/careers/details/10780/CHI015025,63
Sam's Beauty,https://www.samsbeauty.com/service/special/62/CareerHQ.html#MA3,63
Bain & Company,https://www.bain.com/careers/find-a-role/position/?jobid=100533,63
Sollers Consulting,https://sollers.eu/careers/business-development-consultant-us/,62
Diazyme Laboratories,https://www.ga-careers.com/search-jobs/diazyme?orgIds=499&kt=1,62
Durect Corporation,https://www.bauschhealth.com/careers/working-at-bausch-health/,62
Hoefer,https://hoeferwelker.hua.hrsmart.com/hr/ats/JobSearch/viewAll,61
BioInvent,https://careers.bioinvent.com/jobs/6758762-purchasing-manager,61
Bactolife,https://www.bactolife.com/director-of-scientific-affairs-us/,60
Advanced Group,https://www.advancedclinical.com/aji_job/34773?source=Indeed,60
Nuclein,https://gethired.com/a/62d1aca1-af63-45ba-9535-213456bca76d,59
Expansion Therapeutics,https://jobs.5amventures.com/company/expansion-therapeutics,59
Avania,https://recruit.hirebridge.com/v3/CareerCenter/v2/?cid=6667,59
CeDent,https://theapplicantmanager.com/jobs?pos=dt10049&src=Indeed,59
Validation Associates LLC,https://validation-associates-llc.careerplug.com/j/02tf74l,58
Stantec,https://rr.jobsyn.org/169C1F20924047D8BAA20CC450F139091554,58
Burns & McDonnell,https://rr.jobsyn.org/05485C95E4604E348114BB8018C019831554,58
Pearson,https://rr.jobsyn.org/0723E83FFA53447B8368AC12BFABE97F1554,58
PharmaLex,https://careers.cencora.com/us/en/job/R2518854/Dispatcher,57
Elevate Technology Solutions,https://elevatets.com/portal/?source=LinkedIn#/jobs/5341,56
Zag Bio,https://zag-bio-inc.careerplug.com/jobs/3134454/apps/new,56
Burtch Works,https://jobs.burtchworks.com/s/?jobId=a09Vv0000038n9tIAA,56
Realign,https://realign-llc.com/careers/job-details/IT183407AU-5,56
Clinovo,https://clinovo.com/wp-content/plugins/bullhorn-oscp/#/,55
Alva Health,https://www.alva-health.com/copy-of-full-stack-engineer,55
LifeCanvas Technologies Inc.,https://share.hsforms.com/1GWLCeXlaSP2VYkiHWb5O4A384uw,54
Straumann,https://careers.straumann.com/global/en/search-results,54
Syd Labs,https://www.sydlabs.com/community/news/positions-open/,54
ENGIE,https://jobs.engie.com/default/job/Intern/56036-en_US,53
Partner Therapeutics,https://careers.partnertx.com/careers/#openings-list,52
BMG Labtech,https://www.bmglabtech.com/en/marketing-coordinator/,52
Advocate Aurora Health,https://AdvocateAuroraHealth.contacthr.com/149554327,52
Acutis Diagnostics,https://www.appone.com/MainInfoReq.asp?R_ID=7003569,51
JPS Tech Solutions,https://jpstechsolutions.com/jobs/data-engineer-28/,51
CeQur,https://myceqursimplicity.com/career-opportunities/,51
Alpha Clinical Development,https://alphaclinicaldevelopments.com/jobs-opening,50
SciSure (eLabNext),https://scisure.homerun.co/financial-specialist/en,50
Angiocrine Bioscience,https://angiocrinebioscience.com/about-us/careers/,50
BioCardia,https://www.biocardia.com/about-us/careers/id/1020,50
OliX Pharmaceuticals,https://www.olixpharma.com/eng/careers/whyolix.php,50
Fabric Genomics (Omicia),https://fabricgenomics.com/about-fabric-1/careers/,50
Upper Biotech,https://www.poct.cn/job/job.php?class1=107&lang=en,50
DSM,https://careers.dsm-firmenich.com/en/careers.html,49
Voronoi,https://voronoi.career.greetinghr.com/en/o/186852,49
BostonGene,https://bostongene.com/about-us/careers/positions,49
Velvetech,https://www.velvetech.com/careers/ui-ux-designer/,49
Mosaic Inc,http://mosaicinc.com/mosaicinc/html/openings.html,49
Curevo Vaccine,https://careers.taylor-strategy.com/pages/curevo,48
Rational Vaccines,https://consider.com/boards/co/rational-vaccines,48
InfraReDx,https://www.infraredx.com/about-us/?jump=careers,48
Neopeutics,http://www.neopeutics.com/Neopeutics_Careers.php,48
Quintara Biosciences,https://www.quintarabio.com/Careers-at-Quintara/,48
Venture Med Group,https://www.venturemedgroup.com/contact/careers/,48
ArriVent Biopharma,https://arrivent.com/careers/job-opportunities/,47
Human Metabolome Technologies,http://en.humanmetabolome.com/about-us/careers/,47
Imagion Biosystems,https://imagionbiosystems.com/about-us/careers/,47
Passage Bio,https://www.passagebio.com/careers/default.aspx,47
Simulations Plus,https://www.simulations-plus.com/career-center/,47
PwC,https://jobs.us.pwc.com/job/-/-/932/88512477984,47
Arrakis Therapeutics,https://arrakistx.com/careers/current-openings/,47
Voronoi Inc.,https://voronoi.career.greetinghr.com/en/apply,46
Cue Biopharma,https://www.cuebiopharma.com/about-us/#careers,46
Geneius Biotechnology,https://www.geneiusbiotech.com/copy-of-contact,46
Genome Medical,https://www.genomemedical.com/company/#careers,46
Oerth Bio,https://www.oerthbio.com/life-on-oerth/careers,46
Retrogen,https://retrogen.net/employment-opportunities/,46
BVI Medical,https://mybvi.my.salesforce-sites.com/recruit,45
McGuff Pharmaceuticals,https://www.mcguffpharmaceuticals.com/careers,45
ScienCell Research Laboratories,https://sciencellonline.com/en/about/careers/,45
TAE Life Sciences,https://taelifesciences.com/about-us/#careers,45
Sironax,https://www.sironax.com/job-opportunities.php,45
JPMorganChase,https://JPMorganChase.contacthr.com/149896484,45
EnteroBiotix,https://www.enterobiotix.com/careers-benefits,45
ArCHitect Therapeutics,https://www.architecttherapeutics.com/#career,45
kubota,https://kubota.jobylon.com/open-application/,44
Nanobiosym,https://nanobiosym.applicantpro.com/company/,44
Cairn Biosciences,https://cairn-biosciences-inc.welcomekit.co/,44
Elpis Biopharmaceuticals,https://elpisbiopharmaceuticals.com/careers/,44
Evopoint Biosciences,https://www.medilinkthera.com/careers#ny-nav,44
Apex Medical Research,https://www.apexmedicalresearch.com/careers/,44
Silent Spring Institute,https://silentspring.org/about-us/employment,44
Quris AI,https://www.comeet.com/company/quris/17.000,43
Context Therapeutics,https://www.contexttherapeutics.com/careers,43
BigHat Biosciences,https://bighatbiosciences.pinpointhq.com/en,43
OKRA Care,https://www.envisionpharmagroup.com/careers,43
DeepCure,https://www.comeet.com/jobs/deepcure/B7.003,43
Eureka Therapeutics,https://www.eurekatherapeutics.com/careers/,43
GT Biopharma,https://www.gtbiopharma.com/contact/careers,43
Lodestone Biomedical,https://www.lodestonebiomedical.com/careers,43
Siolta Therapeutics,https://www.sioltatherapeutics.com/careers/,43
Reprise Biomedical,https://reprisebio.com/careers/#aol_ad_form,43
ishare Inc,https://ishare-inc.careerplug.com/j/02sqgqh,43
Bluefield Research,https://www.bluefieldresearch.com/careers/#,43
NewAmsterdam Pharma,https://www.newamsterdampharma.com/careers/,43
Orbis Medicines,https://www.orbismedicines.com/home#careers,43
GenSight Biologics,https://www.gensight-biologics.com/careers/,43
Good Doctor Cloud Health,https://www.hys.cn/index/shows/94/4089.html,43
Delix Therapeutics,https://www.delixtherapeutics.com/careers/,42
Astrix,https://jobs.astrixinc.com/corporate-jobs/,42
ZigZag QA,https://zigzagassociates.careers.flair.hr/,42
MDClone,https://www.comeet.com/jobs/mdclone/66.004,42
"Opus Genetics, Inc.",https://opusgtx.com/about/careers-at-opus/,42
Mitoc Digital Pathology,https://moticdigitalpathology.com/careers/,42
Caption Health,https://careers.gehealthcare.com/global/en,42
Intensity Therapeutics,https://intensitytherapeutics.com/careers/,42
Nuvig Therapeutics,https://www.nuvigtherapeutics.com/careers/,42
RefleXion,https://reflexion.com/our-company/careers/,42
System Biosciences (SBI),https://www.systembio.com/company/careers/,42
Portal Innovations,https://www.portalinnovations.com/careers/,42
Hummingbird Bioscience,https://hummingbirdbioscience.com/careers/,42
Kenbi,https://endeavourvision.com/company/kenbi/,42
Collaborative Drug Discovery Inc.,https://www.collaborativedrug.com/careers,41
Organovo,https://organovo.com/careers-at-organovo/,41
Access Vascular,https://www.accessvascularinc.com/careers,41
Alstem,https://www.alstembio.com/web/careers.php,41
Coral Genomics,https://coralgenomics.com/careers?ref=ftr,41
Eton Bioscience,https://www.etonbio.com/career/career.php,41
Kimera Exosomes,https://www.kimeralabs.com/about/careers/,41
Levitronix Technologies,https://www.levitronix.com/about/careers/,41
Nature Coatings,https://www.naturecoatingsinc.com/careers,41
NovaRock Biotherapeutics,https://www.novarockbio.com/home/careers/,41
nRichDx,https://www.nrichdx.com/careers?hsLang=en,41
Oligo Factory,https://oligofactory.com/company/careers/,41
Portal Instruments,https://www.portalinstruments.com/careers,41
ProtaGene,https://www.protagene.com/company/careers,41
Sapience Therapeutics,https://sapiencetherapeutics.com/careers/,41
Sardocor,https://www.medera.bio/programs/#sardocor,41
Tedor Pharma,https://tedorpharma.com/about-us/careers/,41
"GURUS INFOTECH, INC.",https://gurusinfotech.net/index.php/#Jobs,41
Lupagen,https://www.lupagen.com/company/careers/,40
Tubulis GmbH,https://tubulis.com/career?jobId=2318758,40
More Diagnostics,https://www.morediagnostics.com/careers/,40
AN2 Therapeutics,https://www.an2therapeutics.com/careers/,40
Arctoris,https://www.arctoris.com/job/?id=2434771,40
Casma Therapeutics,https://www.casmatx.com/careers-culture/,40
CureLab Oncology,https://www.curelaboncology.com/careers/,40
EliteImmune,https://www.eliteimmune.com/Careers.html,40
Persist AI,https://www.persist-ai.com/opportunities,40
Predicine,https://www.predicine.com/about/#careers,40
Xenetic Biosciences,https://www.xeneticbio.com/about/careers,40
Pangea Bio,https://www.pangeabio.com/people/careers,40
Alden Scientific,https://www.aldenscientific.com/careers,39
STC Biologics,https://stcbiologics.com/opportunities/,39
Arthrex,https://careers.arthrex.com/sitemil.xml,39
Protagonist Therapeutics,https://www.protagonist-inc.com/careers,39
Blaze Bioscience,https://www.blazebioscience.com/careers,39
Bluefin Biomedicine,https://www.bluefinbiomed.com/careers-1,39
Brii Biosciences,https://careers.briibio.com/sitemal.xml,39
Century Therapeutics,https://www.centurytx.com/join-us/#jobs,39
GeneMed Biotechnologies,https://www.genemed.com/About-Us_2.html,39
Kofimi Technology,https://www.kofi-group.com/search-jobs/,39
MediciNova,https://medicinova.com/company/careers/,39
Miach Orthopaedics,https://miachortho.com/about-us/careers,39
SeromYx Systems,https://www.seromyx.com/careers#Careers,39
Siren Biotechnology,https://sirenbiotechnology.com/careers/,39
Sound Biologics,https://www.soundbiologics.com/careers/,39
Talus Bioscience,https://talusbio.applicantpro.com/jobs/,39
Tvardi Therapeutics,https://tvarditherapeutics.com/careers/,39
Voiant Medical,https://www.voiantclinical.com/careers/,39
Wugen,https://wugen.com/career-opportunities/,39
Third Rock Ventures,https://jobs.thirdrockventures.com/jobs,39
TBSCG,https://www.tbscg.com/about-us/careers/,39
Center for Advanced Bioenergy and Bioproducts Innovation (CABBI),https://cabbi.bio/about/jobs-at-cabbi/#,39
Bizwit Research & Consulting LLP,https://www.bizwitresearch.com/careers/,39
OnKure Therapeutics,https://onkuretherapeutics.com/careers/,39
Vetsource,https://vetsource.com/about-us/careers/,39
Microbiotica,https://microbiotica.com/working-here/,38
Ovelle,https://ovelle.bio/Research-Assistant/,38
mantis robotics,https://www.mantis-robotics.com/career,38
BioQ Pharma,https://bioqpharma.com/company/careers,38
XenImmune Therapeutics,https://www.xenimmune.com/careers.html,38
Capsigen,https://capsigen.com/#partners-careers,38
CapsoVision,https://capsovision.com/about/careers/,38
Curelator,https://n1-headache.com/about/careers/,38
Delve Bio,https://www.delve.bio/company/careers/,38
Diverse Biotech,https://diversebiotech.com/partnering/,38
Differentiated Therapeutics,https://www.dxtherapeutics.com/careers,38
Elixir Medical,https://elixirmedical.com/ous/careers/,38
Endolytix,https://www.endolytx.bio/about/careers,38
Nephros,https://www.nephros.com/about/careers/,38
synthace,https://www.synthace.com/about/careers,38
ThinkCyte,https://thinkcyte.com/company/careers/,38
New Era Technology,https://www.neweratech.com/us/careers/,38
Pariveda,https://parivedasolutions.com/careers/,38
OFI,https://www.oficareers.com/search/jobs,38
n6 Tec,https://www.n6tec.com/company#careers,37
New Paradigm Biosciences,https://www.npbiosciences.com/careers,37
Cofactor Genomics,https://cofactorgenomics.com/careers/,37
Gain Therapeutics,https://gaintherapeutics.com/careers/,37
Impiricus,https://impiricus.com/company/careers,37
Innate Biotherapeutics,https://www.innate-pharma.com/careers,37
LinaTech,http://www.linatech.com.cn/index.html,37
MelliCell,https://www.mellicell.com/careers.php,37
NanoCellect Biomedical,https://nanocellect.com/job-openings/,37
PathMaker Neurosystems,https://pmneuro.com/about-us/careers/,37
Port Therapeutics,https://porttherapeutics.com/#careers,37
Pristine Surgical,https://pristinesurgical.com/careers/,37
Remedium Bio,https://remedium-bio.com/careers.html,37
Stellular Bio,https://www.stellularbio.com/#careers,37
Visikol,https://visikol.com/about-us/careers/,37
Recipharm Advanced Bio,https://www.recipharm-ab.com/careers/,37
eXmoor Pharma,https://www.exmoorpharma.com/careers/,37
Gamida Cell,https://www.gamida-cell.com/careers/,36
RNAConnect,https://rnaconnect.com/pages/careers,36
Adagio Medical,https://us.adagiomedical.com/careers,36
bioAffinity Technologies,https://bioaffinitytech.com/careers/,36
Cantata Bio,https://cantatabio.com/about#careers,36
Dren Bio,https://www.drenbio.com/careers.html,36
ECI Therapeutics,https://ecitherapeutics.com/careers/,36
Fulcrum Genomics,https://fulcrumgenomics.com/careers/,36
Helios Cardio,https://www.helioscardio.com/careers,36
Matexcel,https://www.matexcel.com/career.html,36
Phanes Therapeutics,https://www.phanesthera.com/careers/,36
Qualigen,https://qlgntx.com/about-us/careers/,36
Ray Therapeutics,https://raytherapeutics.com/careers/,36
Reactive Biosciences,https://www.reactivebio.com/careers/,36
Switch Therapeutics,https://www.switchthera.com/careers/,36
VBI Vaccines,https://www.vbivaccines.com/careers/,36
V&P Scientific,https://vp-sci.com/about-us/careers/,36
NorthSea Therapeutics,https://northseatherapeutics.com/en/,36
Opthea,https://opthea.com/our-culture/#jobs,36
Experic,https://expericservices.com/careers/,36
neuro42,https://www.neuro42.ai/join-our-team,36
Virtual Incision,https://virtualincision.com/careers/,36
Lumeon,https://lumeon.com/about-us/careers/,36
Zai Lab,https://www.zailaboratory.com/jobs/,35
ABclonal,https://abclonal.com/company/career,35
Celdara Medical,https://celdaramedical.com/careers/,35
Concerto Biosciences,https://www.concertobio.com/careers,35
Direct Electron,https://directelectron.com/careers/,35
Herophilus,https://www.herophilus.com/careers/,35
LifeCanvas Technologies,https://lifecanvastech.com/careers/,35
NewGen Surgical,https://newgensurgical.com/careers/,35
Prolytix,https://www.goprolytix.com/careers/,35
PROMETRIKA,https://www.prometrika.com/careers/,35
Recludix Pharma,https://recludixpharma.com/careers/,35
Sonde,https://www.sondehealth.com/join-us,35
Tizona Therapeutics,https://www.tizonatx.com/team/#jobs,35
Valitor,https://www.valitorbio.com/#careers,35
VeriSIM Life,https://www.verisimlife.com/careers,35
Business Knowledge Services,https://www.bksinc.com/careers.html,35
"ClostraBio, Inc",https://clostrabio.com/careers.html,35
Trishula Therapeutics,https://www.trishulatx.com/careers/,35
Willow,https://onewillow.com/pages/careers,35
Intracept,https://www.intracept.com/home.html,35
Aspire Systems,https://www.aspiresys.com/openings,34
FreeThink Technologies,https://freethinktech.com/careers/,34
Alphina Therapeutics,https://www.alphinatx.com/careers/,34
Optotree,https://www.optotree.com/our-team/,34
Souffle Therapeutics,https://www.souffletx.com/#careers,34
Suntra MedTech,https://suntramedtech.com/careers/,34
BioTheryX,https://www.biotheryx.com/careers/,34
California Cultured,https://www.cacultured.com/careers,34
Cell Guidance Systems,https://www.cellgs.com/careers.htm,34
coremap,https://coremapmedical.com/careers,34
EpicentRx,https://www.epicentrx.com/careers/,34
Ernexa Therapeutics Inc.,https://www.ernexatx.com/careers-2,34
Exegenesis Bio,https://exegenesisbio.com/careers/,34
Glycomine,https://www.glycomine.com/careers/,34
Immune Biosolutions,https://immunebiosolutions.com/en/,34
Inhibikase Therapeutics,https://www.inhibikase.com/careers,34
Likarda,https://likarda.com/about/careers/,34
Locus Biosciences,https://www.locus-bio.com/careers/,34
Lotus Clinical Research,https://lotuscr.com/about/careers/,34
New Culture,https://www.newculture.com/careers,34
Orgenesis,https://orgenesis.com/careers.html,34
Partillion Bioscience,https://www.partillion.com/careers,34
Provivi,https://www.provivi.com/en/careers,34
Pyxis Oncology,https://pyxisoncology.com/careers/,34
Reprieve Cardiovascular,https://reprievecardio.com/careers,34
ResVita Bio,https://www.resvitabio.com/careers,34
Scytek Laboratories,https://www.scytek.com/careers.asp,34
Somagenics,https://www.somagenics.com/careers,34
Spryte Medical,https://sprytemedical.com/#careers,34
Variant Bio,https://www.variantbio.com/careers,34
Niktor LLC,https://www.niktor.com/career.html,34
StatSocial,https://www.statsocial.com/careers,34
Paragon Biosciences,https://paragonbiosci.com/careers/,34
Tempero Bio,https://www.temperobio.com/careers,34
HistoWiz,https://home.histowiz.com/careers/,34
Kadence Bio,https://www.kadencebio.com/careers,34
Cytospire Therapeutics,https://www.cytospire.com/careers/,34
Pheronym,https://www.pheronym.com/careers/,33
BioSkyrb Genomics,https://www.bioskryb.com/careers/,33
BrickBio,https://www.brickbio.com/careers2,33
Cerevance,https://www.cerevance.com/careers,33
Chimeron Bio,https://www.chimeron.com/careers/,33
Contineum Therapeutics,https://contineum-tx.com/careers/,33
HebeCell,https://hebecellcorp.com/careers/,33
HelixBind,https://www.helixbind.com/careers,33
Hunterian Medicine,https://www.hunterian.com/careers,33
ImiDomics,https://www.imidomics.com/careers,33
Innovac Therapeutics,https://www.innovactx.com/careers,33
Invitek,https://www.alsglobal.com/careers,33
Kanvas Bioscience,https://www.kanvasbio.com/careers,33
Monopar Therapeutics,https://www.monopartx.com/careers,33
Nkarta,https://www.nkartatx.com/careers/,33
Pearl Bio,https://www.pearlbio.com/#careers,33
Phantom Neuro,https://phantomneuro.com/careers/,33
Proteinea,https://www.proteinea.com/careers,33
Protomer Technologies,https://www.protomer.com/careers/,33
Quanta Therapeutics,https://www.quantatx.com/#careers,33
R2M Pharma,https://www.r2mpharma.com/careers,33
Rejuvenate Bio,https://rejuvenatebio.com/careers,33
SCARLETRED,https://www.scarletred.com/career,33
Shoreline Biosciences,https://shoreline.health/careers/,33
T-Cure,https://t-cure.com/about/careers/,33
Versatope Therapeutics,https://www.versatope.com/careers,33
Atos,https://jobs.atos.net/sitemal.xml,33
VectorY Therapeutics,https://www.vectorytx.com/careers,33
HealthJoy,https://www.healthjoy.com/careers,33
Norchem Pharma,http://en.norchem-pharma.com/job/,33
Aviceda,https://www.avicedarx.com/careers,33
Pramana,https://pramana.keka.com/careers,32
Antibody Solutions,https://www.antibody.com/careers,32
BioFluidica,https://biofluidica.com/careers/,32
BlueCatBio,https://www.bluecatbio.com/jobs/,32
Bolt Biotherapeutics,https://www.boltbio.com/careers/,32
CB Therapeutics,https://www.cbthera.com/careers/,32
Celltex,https://celltexbank.com/careers/,32
CHO Plus,https://www.cho-plus.com/careers,32
Clear Scientific,https://www.clearsci.com/careers,32
Ekso Bionics,https://eksobionics.com/careers/,32
Engrail Therapeutics,https://www.engrail.com/careers/,32
GigaGen,https://www.gigagen.com/#careers,32
Inflammatix,https://inflammatix.com/careers/,32
Interius BioTherapeutics,https://interiusbio.com/careers/,32
NeuExcell Therapeutics,https://www.neuexcell.com/joinus,32
NextPoint Therapeutics,https://nextpointtx.com/#careers,32
NiKang Therapeutics,https://www.nikangtx.com/careers,32
Olaris Therapeutics,https://www.myolaris.com/careers,32
OmniTier,https://www.omnitier.com/careers,32
One Codex,https://www.onecodex.com/careers,32
Parallel Biosystems,https://www.parallel.bio/careers,32
Plastomics,https://plastomics.com/careers2/,32
Rgenta Therapeutics Inc.,https://www.rgentatx.com/careers,32
Sofregen Medical,https://www.sofregen.com/careers,32
Symberix,https://www.symberix.net/careers,32
SyntheX,https://synthexlabs.com/careers/,32
Tecomet,https://www.tecomet.com/careers/,32
Uniquity Bio,https://www.uniquity.com/careers,32
Vivonics,https://www.vivonics.com/careers,32
ZymoChem,https://www.zymochem.com/careers,32
MD Biosciences Neuro,https://www.mdbneuro.com/careers,32
Ksana Health,https://ksanahealth.com/careers/,32
Outcomes Premium,https://www.outcomes.com/careers,32
Noema Pharma,https://noemapharma.com/careers/,32
AnchorDx,https://www.anchordx.com/en/join,32
Auron,https://www.aurontx.com/join-us,31
MiRXES,https://www.mirxes.com/careers/,31
Leukocare Biotechnology,https://career.leukocare.com/de,31
Peter Biotherapeutics,https://www.peterbio.com/about/,31
Bolt Threads,https://boltthreads.com/careers,31
Cimeio Therapeutics,https://www.cimeio.com/careers/,31
Cirsium biosciences,https://cirsiumbio.com/careers/,31
CreaGen,https://creageninc.com/careers/,31
CTL Amedica,https://ctlamedica.com/careers/,31
Cugene,https://www.cugene.com/careers/,31
DiaCarta,http://www.diacarta.com/careers,31
LogicInk,https://logicink.com/pages/jobs,31
MatTek,https://www.mattek.com/careers/,31
Microvi,https://www.microvi.com/careers,31
Nektar Therapeutics,https://www.nektar.com/careers/,31
SciGenom,https://www.scigenom.com/career,31
Tectonic Therapeutic,https://tectonictx.com/#careers,31
VedaBio,https://www.vedabio.com/careers,31
Ozette,https://www.ozette.com/careers/,31
amaris consulting,https://careers.amaris.com/jobs,31
Moonlite AI,https://www.moonlite.ai/careers,31
COUR Pharma,https://courpharma.com/careers/,31
CS Genetics,https://csgenetics.com/careers/,31
Seamless Therapeutics,https://seamlesstx.com/careers/,31
Pharvaris,https://pharvaris.com/careers/,30
AVS Bio,https://www.avsbio.com/contact,30
Viltis,https://careers.bioethic.co/#/,30
Nabla Bio,https://jobs.gem.com/nabla-bio,30
Aixa Bio,https://www.aixa.bio/careers-1,30
Eutropics Pharmaceuticals,https://eutropics.com/careers/,30
Protein Dynamic Solutions,https://www.pdsbio.com/careers,30
Eclipse Bio,https://eclipsebio.com/careers,30
EditCo Bio:,https://www.editco.bio/careers,30
Entact Bio,https://entactbio.com/careers/,30
Genective,https://genective.com/careers/,30
GrapheneDx,https://graphenedx.com/careers,30
Green Mountain Antibodies,https://greenmoab.com/careers/,30
HiberCell,https://hibercell.com/careers/,30
InnoVoyce,https://innovoyce.com/careers/,30
jCyte,https://www.jcyte.com/careers/,30
MicuRX Pharmaceuticals,https://www.micurx.com/careers,30
Nitrase Therapeutics,https://nitrasetx.com/careers/,30
NovoMedix,https://novomedix.com/careers/,30
PhenoVista Biosciences,https://phenovista.com/careers,30
ProMab Biotechnologies,https://www.promab.com/careers,30
Rilas Technologies,https://rilastech.com/careers/,30
RT MicroDx,https://rtmicrodx.com/careers/,30
Spruce Biosciences,https://sprucebio.com/careers/,30
Taysha Gene Therapies,https://tayshagtx.com/careers/,30
Thryv Therapeutics,https://thryvtrx.com/careers-1,30
TScan Therapeutics,https://www.tscan.com/careers/,30
Xellar Biosystems,https://xellarbio.com/careers/,30
Zea Biosciences,https://www.zeabio.com/careers,30
Young Pharmaceuticals Inc,https://youngpharm.com/careers,30
Toyota Research Institute,https://www.tri.global/careers,30
Nexamp,https://www.nexamp.com/careers,30
Granite Bio AG,https://granitebio.com/#career,30
Discover Medartis,https://medartis.com/en/career,30
AmbAgon Therapeutics,https://ambagontx.homerun.co/,29
Gentuity,https://gentuity.com/careers/,29
Synaptic Medical,https://synapticmed.com/join/,29
Mercy BioAnalytics,https://mercybio.com/careers/,29
Arthrosi Therapeutics,https://arthrosi.com/careers/,29
BioGenex,https://biogenex.com/careers/,29
Diadem Biotherapeuitcs,https://diadembio.com/careers,29
Inceptor Bio,https://inceptor.bio/careers/,29
iMicrobes,https://imicrobes.com/careers,29
Inscopix,https://inscopix.com/careers/,29
Instylla,https://instylla.com/careers/,29
levitate bio,https://levitate.bio/careers/,29
Moonwalk Biosciences,https://moonwalk.bio/careers/,29
Mythic Therapeutics,https://mythictx.com/careers/,29
Novici Biotech,https://www.novicibiotech.org,29
Nvigen,https://www.nvigen.com/career,29
Oova,https://www.oova.life/careers,29
Polynoma,https://polynoma.com/careers/,29
Prominex,https://prominex.com/careers/,29
Redona Therapeutics,https://redonatx.com/careers/,29
SunVax mRNA Therapeutics,https://sunvaxmrna.com/career,29
Creospan Inc.,https://creospan.com/careers/,29
Dimension Bio,https://dimension.bio/careers,29
Numab Therapeutics AG,https://www.numab.com/careers,29
Purinomia Biotech,https://purinomia.com/career,28
Enquyst Technologies,https://enquyst.com/careers/,28
ZSFab,https://www.zsfab.com/career,28
Allarta Life Science,https://allarta.com/careers/,28
Biopico Systems,https://biopico.com/careers/,28
Diagnostic BioSystems,https://dbiosys.com/careers/,28
Lingrove,https://ekoa.design/careers/,28
Enlaza Therapeutics,https://enlazatx.com/careers,28
Heranova Lifesciences,https://heranova.com/careers,28
INanoBio,https://inanobio.com/#career,28
Nalu Medical,https://nalumed.com/careers/,28
nference,https://nference.com/careers,28
Nodexus,https://nodexus.com/careers/,28
Nona Biosciences,https://nonabio.com/careers/,28
Promis Diagnostics,https://www.promishealth.org,28
SciQuus,https://sciquus.com/careers/,28
Sentynl Therapeutics,https://sentynl.com/careers/,28
Synchron,https://synchron.com/careers,28
TrueTag Technologies,https://trutags.com/careers/,28
Vicebio,https://vicebio.com/careers/,28
Syndeio Biosciences,https://www.syndeio.bio/home,28
Xylo,https://www.xylo.bio/careers,28
TrakCel,https://trakcel.com/careers/,28
Promaxo,https://promaxo.com/careers/,28
Citryll,https://citryll.com/careers/,28
LoQus23 Therapeutics,https://loqus23.com/careers/,28
OMEICOS,https://omeicos.com/careers/,28
Pheon Therapeutics,https://pheontx.com/careers/,28
Nuvaira,https://nuvaira.com/careers/,28
The Judge Group,https://www.judge.com/jobs/,27
CovalX,https://covalx.com/careers/,27
Harvard Apparatus Regenerative Technology,https://hregen.com/careers/,27
Indapta Therapeutics,https://indapta.com/#career,27
NemaGen Discoveries,https://nemagen.com/careers,27
PEEL Therapeutics,https://peeltx.com/careers/,27
Phizzle,https://phizzle.com/careers,27
Qlaris Bio,https://qlaris.bio/careers/,27
Tevard Biosciences,https://tevard.com/#careers,27
Virtici,https://virtici.com/careers,27
Tremeau Pharmaceuticals,https://tremeau.com/careers,27
Detalimogene,https://engene.com/careers/,27
GV20 Therapeutics,https://gv20tx.com/careers,26
New England Drug Discovery Partners,https://nedp.com/contact/,25
Nanome,https://nanome.ai/careers,25
TRexBio,https://trex.bio/careers/,25
Immunic Therapeutics,https://imux.com/career/,24
Quantum Diamond Technologics,https://qdti.com/careers,24
F2G,https://f2g.com/careers/,24