companyName,applyUrl,job_board_url,board_type,update
Biocatalysts,https://cezanneondemand.intervieweb.it/app.php?opmode=guest&module=iframeAnnunci&act1=1&IdAnnuncio=58856&view=list&k=8a6ff0015cbe80fe8a01ab381ce8a061&defgroup=name&gnavenable=1&desc=1&typeView=large&LAC=biocats&h=400&d=www.biocatalysts.com&lang=en,,,
PEAK6,https://peak6.ongig.com/jobs/information-technology/chicago-illinois-united-states-of-america/senior-information-security-engineer/JR102088?utm_source=linkedin&amp;utm_medium=referral&amp;utm_campaign=ongig-job-aggregators&amp;group=1767,,,
WTW,https://careers.wtwco.com/jobs/senior-catastrophe-research-analyst-hurricane-specialist-minneapolis-minnesota-united-states-new-york-boston-massachusetts-portland-maine-houston-texas-denver-colorado-chicago-illinois-los-an?source=indeed,,,email to apply with pdfs
WayUp,https://www.wayup.com/i-Pharmaceuticals-j-Finance-Analyst-AbbVie-461354259380244/?utm_source=linkedin-xml&utm_medium=jobxml&utm_campaign=linkedin-XML-APPS-5540395-32915209&refer=lnkslot-APPS-5540395-32915209,,,
Meltwater,https://meltwatercareers.ttcportals.com/en/jobs/16844720-strategic-enterprise-account-executive?tm_job=12248-OTHLOC-CDxnYfwf&tm_event=view&tm_company=89119&bid=370&__jvst=Job+Board&__jvsd=LinkedIn,,,
MITRE,https://careers.mitre.org/us/en/job/MITRUSR115687EXTERNALENUS/Entry-Level-Data-Science-Artificial-Intelligence-Operations-Research-Math-and-Statistics?utm_source=JB-10061&utm_medium=phenom-feeds,,,
Cove,https://careers.cove.is/jobs/6760448-account-executive?utm_campaign=jobs-widget&utm_source=careers.cove.is&utm_content=jobs&utm_medium=web&_gl=1*z819y5*_gcl_au*MTM4OTk4MTc2Ni4xNzY0MTM2MTI5,,,
HUB International,https://careers.hubinternational.com/us/en/job/HULHICUSR0032747EXTERNALENUS/HUB-International-Specialty-Program-Group-Summer-Internship-2026?utm_source=indeed&utm_medium=phenom-feeds,,,
PepsiCo,https://pepsicojobs.com/jobs/391999/job?utm_source=indeed_integration&iis=Job%20Board&iisn=Indeed&indeed-apply-token=73a2d2b2a8d6d5c0a62696875eaebd669103652d3f0c2cd5445d3e66b1592b0f,,,
Schneider Electric,https://careers.se.com/jobs/101842/job?utm_source=indeed_integration&iis=Job%20Board&iisn=Indeed&indeed-apply-token=73a2d2b2a8d6d5c0a62696875eaebd669103652d3f0c2cd5445d3e66b1592b0f,,,
Mars,https://careers.mars.com/global/en/job/MARSGLOBALR139055EXTERNALENGLOBAL/Senior-Principal-Scientist-Global-Scientific-Regulatory-Affairs?utm_source=indeed&utm_medium=phenom-feeds,,,
"Supernus Pharmaceuticals, Inc.",https://supernus.rec.pro.ukg.net/SUP1013SUPR/JobBoard/0ba1c63b-6f87-401f-a48b-9dc4fbd8561a/OpportunityDetail?opportunityId=2b99d46a-b055-4144-913a-acae546adf96&source=LinkedIn,,,
AHOLD Delhaize,https://aholddelhaizeusa.careerswithus.com/job/Product%20Management%20%26%20Design/Senior-Manager%2C-Experience-Design/Chicago-IL/ADUSArms/459047_external_USA-IL-Chicago,,,
Alverno Clinical Laboratories,https://alvernolabcareers.ttcportals.com/jobs/17005716-mt-slash-mlt-slash-laboratory-scientist-40-hours-per-week-pm?tm_job=5147-2025&tm_event=view&tm_company=13438,,,
Talution Group,https://www.talution.com/job-details/lead-vetting-data-entry-6-week-contract-start-immediately-onsite-5-daysweek-in-food-beverage-jobs-1191708?src=LinkedInPost,,,
Cboe Global Markets,https://careers.cboe.com/us/en/job/CBJCGMUSR4150EXTERNALENUS/Global-Derivatives-Business-Strategy-Research-Intern?utm_source=indeed&utm_medium=phenom-feeds,,,
SPR,https://sprconsulting.my.salesforce-sites.com/FCMS__CMSLayout?jobIds=aBdTO0000007aBd0AI&page=JobDetailPage&sessionId=&jobSite=default&p=Candidate&source=,,,
Battelle,https://jobs.battelle.org/us/en/job/BMIBMIUS75841EXTERNALENUS/Commercial-Sales-Director-Analytical-Chemistry?utm_source=LinkedIn&utm_medium=phenom-feeds,,,
"Octapharma Plasma, Inc.",https://careers.octapharmaplasma.com/us/en/job/OCAOCTUS1673EXTERNALENUS/Donor-Center-Tech-I?utm_source=linkedin&utm_medium=phenom-feeds&src=LinkedIn,,,
AgileEngine,https://recruit.zoho.com/recruit/ViewJob.na?digest=l%40t.6K4ByLHs8JAwAM6StNNSLa3VpiUhNMowNQvflFU-&embedsource=LinkedIn%2BLimited%2BListings,,,
LLX Solutions,https://llxsols.betterteam.com/statistician-sas-programming-internship?utm_source=indeed&utm_medium=web_xmlfeed&utm_campaign=indeed_organic,,,
Crowe,https://careers.crowe.com/job/CROCROUSR49192EXTERNALENUS/D365-ERP-Senior-Project-Coordinator?utm_source=linkedin&utm_medium=phenom-feeds,,,
Ecolab,https://jobs.ecolab.com/global/en/job/EIYEIEUSR00277407EXTERNALENGLOBAL/Sr-Global-Technical-Consultant-LS?utm_source=srm_indeed_org,,,
Molson Coors Beverage Company,https://careers.molsoncoors.com/us/en/job/MQXMOLUS35172EXTERNALENUS/MBA-Marketing-Intern?utm_source=indeed&utm_medium=phenom-feeds,,,
UST,https://usource.ripplehire.com/candidate/?token=8YxWjpwDhdL62DFYUIcQ&lang=en&source=USTLINKEDIN&ref=USTLINKEDIN#detail/job/47441,,,
Recipharm,https://web103.reachmee.com/ext/I018/847/job?site=10&lang=UK&validator=1927b190c88ba688b78e6e75b7486aa0&job_id=3592&src=LinkedIn,,,
Crowe LLP,https://careers.crowe.com/job/CROCROUSR49675EXTERNALENUS/R-D-Tax-Credit-Senior-Manager?utm_source=indeed&utm_medium=phenom-feeds,,,
Sinai Chicago,https://jobs.sinaichicago.org/jobs/2103775-shs-nr-rsch-ed-nurse-educator?tm_job=26059-20672&tm_event=view&tm_company=428&bid=326,,,
GuruSchools LLC,https://guruschools.oorwin.ai/#/careers/index.html/job/198fbd2845b65b2797de443a3de8ed10eded0ad1?source=linkedin_free&postedby=1,,,
CDM Smith,https://sjobs.brassring.com/TGnewUI/Search/home/HomeWithPreLoad?partnerid=25038&siteid=5220&PageType=JobDetails&jobid=1600461,,,
Terumo Neuro,https://sjobs.brassring.com/TGnewUI/Search/home/HomeWithPreLoad?PageType=JobDetails&partnerid=25987&siteid=5297&jobid=890132,,,
"FTI Consulting, Inc.",https://fticonsult.referrals.selectminds.com/fticareers/jobs/senior-consultant-data-scientist-forensics-and-litigation-21559,,,
Precision Neuroscience,https://precisionneuro.pinpointhq.com/postings/db6e89be-6573-498a-a054-bdab441f0d1d?utm_medium=job_board&utm_source=indeed,,,
INSIGHTEC,https://www.comeet.com/company/insightec/4A.004/clinical-applications-specialist---northcentral/D5.95A?coref=1.10.s63_A52,,,
Riparian LLC,https://careers.envisionpharmagroup.com/jobs/vacancy/government-pricing-onboarding-manager-1217-remote/1235/description/,,,
Mathematica,https://careers.mathematica.org/job/washington/sr-fellow-value-based-care-implementation-remote-eligible/727/86523651200,,,
SelfDecode,https://perfectlyhired.com/jobs/selfdecode/engineering/full-stack-python-team-lead/519013aa-b257-43ec-a9a9-1efd0f80bb47,,,
Evident Scientific,https://careers.evidentscientific.com/job/Waltham-Senior-Software-Engineer%2C-SQA-Automation-MA-02453/1343916400/,,,
Selvita,"https://recruitment.elevato.net/en/research-assistant-compound-management-chemistry-department,j,581?source=1021",,,
PQE Group,https://www1.jobdiva.co.uk/portal/?a=eijdnwu046az8v3jirb5yj1mb6pnytc40eu5mxutw9z336e210ps4q2fw119hcqi&compid=0#/,,,
Infosys,https://digitalcareers.infosys.com/infosys/global-careers/apply-lead-consultant-agri-tech/490976?Codes=LinkedIn,,,
CTI Clinical Trial and Consulting,https://www.ctifacts.com/careers/join-the-cti-team?gnk=job&gni=8a7885ac6b7b7d30016bd294a5b332ce&gns=Indeed+Free,https://recruitingbypaycor.com/career/iframe.action?clientId=8a78826059442eb901594770c0aa2df1,paycor,
ApTask,https://www2.jobdiva.com/portal/?a=4ujdnwqsdebu7m13em5f0pt5dw80o500d7dv9cbq5ebzngb7yk0n43mjtefnbx0d&compid=0#/,,,
Purohit Navigation,"https://jobs.localjobnetwork.com/j/t-strategic-planner-e-purohit-navigation-l-chicago,-il-jobs-j80214895.html",,,
Civica Rx,https://civica-inc.prismhr-hire.com/job/942142/manager-market-access-implementation-biosimilars-563?s=lif,,,
Appex Innovation,https://appexinnovation.zohorecruit.com/jobs/Careers/380558000014663014/UI-UX-Designer?source=CareerSite,,,
Aromyx,https://aromyx.com/rising-inflation-creates-a-rise-in-opportunity-for-private-label-beauty-innovation/,,,
Ingersoll-Rand,https://ir-jobs.dzconnex.com/job-details/software-test-engineer-in-information-technology-jobs-1355300,,,
FDM Group,https://careers.fdmgroup.com/vacancies/1929/microsoft-dynamics-developer-expeirenced--chicago-il.html,,,
"Kayem Foods, Inc.",http://recruit.hirebridge.com/v3/careercenter/v2/details.aspx?bid=1&jid=719533&cid=7718&locvalue=1010,,,
Immunai,https://www.comeet.com/company/immunai/37.009/team-lead---llm-agents-for-biological-reasoning/A4.951,,,
Saragossa,https://saragossa.co.uk/insights/freedom-security-adventure-what-a-career-at-saragossa-really-means/,,,
Brainlab,https://www.brainlab.com/career/jobs/working-student-digital-services-munich-by-de-744000095408936/,,,
Fitch Group,https://careers.fitch.group/job/Chicago-Principal-Data-Scientist-%28Chicago%29-IL-60290/1255217701/,,,
Allied Universal,https://apply-v41.jobsync.io/indeed/r-app/eb3cbdfc1f97b6fc70ebd202e5caca8e83eb5e399a480e896bbd0913/,,,
Crothall Healthcare,https://apply-v3.jobsync.io/indeed/r-app/69983ee8a79e2113d5cba0e6957640b1027ff5db48e2b04eff0c733a/,,,
CEPI (Coalition for Epidemic Preparedness Innovations),https://cepi.my.salesforce-sites.com/careers/xcdrecruit__PositionDetails?id=a43P3000009plUPIAY,,,
Hitachi Digital Services,https://hitachids.com/careers/job-details/?jid=8155402002&gh_jid=8155402002&gh_src=2379dea32us,,,
"Konica Minolta Business Solutions U.S.A., Inc.",https://careers.konicaminoltaus.com/careers-home/jobs/11768?lang=en-us&mode=apply&iis=LinkedIn,,,
Electra Therapeutics,https://www.electra-therapeutics.careers/job/associate-directordirector-regulatory-affairs/,,,
Croda,https://croda.csod.com/ux/ats/careersite/5/home/requisition/5201?c=croda&source=linkedin,,,
Indigo Agriculture,https://www.indigoag.com/sr.-director-commercial-biologicals-job-application-indigo-ag,,,
Renasant Bio,https://www.renasantbio.com/jobs-contract-research-associate-senior-research-associate,,,
Immunocore,https://peoplecore.my.salesforce-sites.com/recruit/fRecruit__ApplyJob?vacancyNo=VN685,,,
SRAM,https://career4.successfactors.com/sfcareer/jobreqcareer?jobId=3962&company=SRAMprod,,,
PLG Consulting & Digital,https://www.productlifegroup.com/company/senior-principal-veeva-consultant-vaf-424/,,,
Hitachi Energy,https://www.hitachienergy.com/careers/open-jobs/details/JID3-158167?source=linkedin,,,
Ferrero,https://www.ferrerocareers.com/int/en/jobs/research-innovation-project-specialist,,,
Allonnia,https://allonnia.topgradinghire.com/job/796988/general-interest-application?s=cw,,,
Atea Pharmaceuticals,https://careers.topechelon.com/portals/0e42a0a4-8241-470e-9801-8621fad42378/jobs,,,
Proxet,https://nation.proxet.com/careers/senior-automation-quality-assurance-engineer-2,,,
Evosep Biosystems,https://recruit.hr-on.com/frame-api/pages/list-jobs?locale=en_US&companyid=1361,,,
mathworks,https://www.mathworks.com/company/jobs/opportunities.html?s_tid=hp_ff_a_careers,,,
DE-CIX,https://de-cix.onlyfy.jobs/application/de/apply/4zyji1qh5d3rko2slfuekatabda1yxm,,,
Signature Healthcare,https://pm.healthcaresource.com/CS/brocktonhospital/#/job/18217?source=Indeed,,,
Fast Genetics,https://www.acufastswine.com/job-article/a6a11982-8130-46c4-994b-5dc42cc955ac,,,
HotRun Inc.,https://hotrun.talentnest.com/en/posting/213257/location/257528?source=indeed,,,
Neomorph,https://neomorph-inc.alphastaff-hiring.com/job/921723/director-virology?s=cw,,,
Apex Systems,https://www.apexsystems.com/job/3009126_usa/digital-analytics-senior-analyst,,,
Oxford PharmaGenesis,https://careers.pharmagenesis.com/vacancies/1238/senior-medical-writer.html,,,
Align Technology,https://jobs.aligntech.com/en/postings/663ade34-5a02-4bb3-b871-c810f23815e6,,,
AIS Healthcare,https://recruit.hirebridge.com/v3/Jobs/JobDetails.aspx?cid=8029&jid=719119,,,
ChemoMetec Inc,https://chemometec.com/work-for-us/?hr=show-job%2F284284%26locale%3Den_US,,,
Dechra,https://careershub.dechra.com/members/modules/job/detail.php?record=2417,,,
Stilla Technologies,https://www.welcometothejungle.com/fr/companies/stilla-technologies/jobs,,,
Prenosis,https://prenosis.recruitee.com/o/senior-clinical-application-specialist,,,
Experis,https://click.appcast.io/t/Uv-vI0v-vPrkr0Xu9L3-lNzG1X8xUHZba9JrTgFV_mI=,,,
Corza Medical,https://corza-hr.my.salesforce-sites.com/Recruit/fRecruit__ApplyJobList,,,
scinomix,https://scinomix.com/about/employment/job-application/firmware-engineer,,,
Wayfair,https://click.appcast.io/t/tE4rW5GUky02Rm4V236Pg3njW0vTrAShGKHOL2zRlMM=,,,
The Hartford,https://click.appcast.io/t/wWQmQz6UKgO0ED6a8Gss4t6FMLLQlh5EMhfJqsbsPW0=,,,
Kellanova,https://click.appcast.io/t/Q-vU-zqo8Sva_RAFwvvRhpN1UcWdFvXwPOakgyhR35M=,,,
35Pharma,https://www.35pharma.com/careers/research-associate-process-development,,,
"Sunrise Futures, LLC",https://sunrisefutures.recruiterbox.com/jobs/fk03g41?fjb_hash=ezLpq610,,,
Neurensic,https://tradingtechnologies.com/job/site-reliability-engineer-422986/,,,
Caterpillar,https://careers.caterpillar.com/en/jobs/r0000335694/sr-ux-researcher/,,,
JK Barnes,https://jkbarnes.com/jkb-jobs/deep-learning-researcher-hft-prop-firm/,,,
Genabio Diagnostics,https://www.genabio.com/index.php?m=content&c=index&a=lists&catid=67,,,
Explico Engineering Co.,https://www.explico.com/careers/experienced-testifying-expert-bio-il,,,
Intera Oncology,https://www.interaoncology.com/patients-caregivers/about-us/careers,,,
Latinx in AI (LXAI),https://careers.latinxinai.org/jobs/data-science-preceptor-42814a7f,,,
Shedd Aquarium,https://sheddaquarium.applicantstack.com/x/detail/a23xwy5utoz4/aaac,,,
Ardigen,"https://ardigen.elevato.net/en/full-stack-software-engineer,j,1196",,,
The Cultivated B,https://nfactorial.recruitee.com/o/senior-cnc-machinistprogrammer,,,
Theradaptive,https://theradaptive.applicantstack.com/x/apply/a2b1c9624z2t/aa0,,,
Goliath Partners,https://www.goliathpartners.com/job/ar-2-quantitative-researcher,,,
Inter Science Institute,https://www.interscienceinstitute.com/employment-opportunities/,,,
Hyatt,https://careers.hyatt.com/en-US/careers/details/10780/CHI015025,,,
Sam's Beauty,https://www.samsbeauty.com/service/special/62/CareerHQ.html#MA3,,,
Bain & Company,https://www.bain.com/careers/find-a-role/position/?jobid=100533,,,
Sollers Consulting,https://sollers.eu/careers/business-development-consultant-us/,,,
Diazyme Laboratories,https://www.ga-careers.com/search-jobs/diazyme?orgIds=499&kt=1,,,
Durect Corporation,https://www.bauschhealth.com/careers/working-at-bausch-health/,,,
Hoefer,https://hoeferwelker.hua.hrsmart.com/hr/ats/JobSearch/viewAll,,,
BioInvent,https://careers.bioinvent.com/jobs/6758762-purchasing-manager,,,
Bactolife,https://www.bactolife.com/director-of-scientific-affairs-us/,,,
Advanced Group,https://www.advancedclinical.com/aji_job/34773?source=Indeed,,,
Nuclein,https://gethired.com/a/62d1aca1-af63-45ba-9535-213456bca76d,,,
Expansion Therapeutics,https://jobs.5amventures.com/company/expansion-therapeutics,,,
Avania,https://recruit.hirebridge.com/v3/CareerCenter/v2/?cid=6667,,,
CeDent,https://theapplicantmanager.com/jobs?pos=dt10049&src=Indeed,,,
Validation Associates LLC,https://validation-associates-llc.careerplug.com/j/02tf74l,,,
Stantec,https://rr.jobsyn.org/169C1F20924047D8BAA20CC450F139091554,,,
Burns & McDonnell,https://rr.jobsyn.org/05485C95E4604E348114BB8018C019831554,,,
Pearson,https://rr.jobsyn.org/0723E83FFA53447B8368AC12BFABE97F1554,,,
PharmaLex,https://careers.cencora.com/us/en/job/R2518854/Dispatcher,,,
Elevate Technology Solutions,https://elevatets.com/portal/?source=LinkedIn#/jobs/5341,,,
Zag Bio,https://zag-bio-inc.careerplug.com/jobs/3134454/apps/new,,,
Burtch Works,https://jobs.burtchworks.com/s/?jobId=a09Vv0000038n9tIAA,,,
Realign,https://realign-llc.com/careers/job-details/IT183407AU-5,,,
Clinovo,https://clinovo.com/wp-content/plugins/bullhorn-oscp/#/,,,
Alva Health,https://www.alva-health.com/copy-of-full-stack-engineer,,,
LifeCanvas Technologies Inc.,https://share.hsforms.com/1GWLCeXlaSP2VYkiHWb5O4A384uw,,,
Straumann,https://careers.straumann.com/global/en/search-results,,,
Syd Labs,https://www.sydlabs.com/community/news/positions-open/,,,
ENGIE,https://jobs.engie.com/default/job/Intern/56036-en_US,,,
Partner Therapeutics,https://careers.partnertx.com/careers/#openings-list,,,
BMG Labtech,https://www.bmglabtech.com/en/marketing-coordinator/,,,
Advocate Aurora Health,https://AdvocateAuroraHealth.contacthr.com/149554327,,,
Acutis Diagnostics,https://www.appone.com/MainInfoReq.asp?R_ID=7003569,,,
JPS Tech Solutions,https://jpstechsolutions.com/jobs/data-engineer-28/,,,
CeQur,https://myceqursimplicity.com/career-opportunities/,,,email to apply with pdfs
Alpha Clinical Development,https://alphaclinicaldevelopments.com/jobs-opening,,,
SciSure (eLabNext),https://scisure.homerun.co/financial-specialist/en,,,
Angiocrine Bioscience,https://angiocrinebioscience.com/about-us/careers/,,,
BioCardia,https://www.biocardia.com/about-us/careers/id/1020,,,
OliX Pharmaceuticals,https://www.olixpharma.com/eng/careers/whyolix.php,,,
Fabric Genomics (Omicia),https://fabricgenomics.com/about-fabric-1/careers/,https://boards.greenhouse.io/embed/job_board/js?for=fabricgenomics,greenhouse,
Upper Biotech,https://www.poct.cn/job/job.php?class1=107&lang=en,,,
DSM,https://careers.dsm-firmenich.com/en/careers.html,,,
Voronoi,https://voronoi.career.greetinghr.com/en/o/186852,,,
BostonGene,https://bostongene.com/about-us/careers/positions,,,
Velvetech,https://www.velvetech.com/careers/ui-ux-designer/,,,
Mosaic Inc,http://mosaicinc.com/mosaicinc/html/openings.html,,,
Curevo Vaccine,https://careers.taylor-strategy.com/pages/curevo,,,
Rational Vaccines,https://consider.com/boards/co/rational-vaccines,,,
InfraReDx,https://www.infraredx.com/about-us/?jump=careers,,,email to apply with pdfs
Neopeutics,http://www.neopeutics.com/Neopeutics_Careers.php,,,
Quintara Biosciences,https://www.quintarabio.com/Careers-at-Quintara/,,,
Venture Med Group,https://www.venturemedgroup.com/contact/careers/,,,
ArriVent Biopharma,https://arrivent.com/careers/job-opportunities/,,,
Human Metabolome Technologies,http://en.humanmetabolome.com/about-us/careers/,,,
Imagion Biosystems,https://imagionbiosystems.com/about-us/careers/,,,
Passage Bio,https://www.passagebio.com/careers/default.aspx,,,
Simulations Plus,https://www.simulations-plus.com/career-center/,,,
PwC,https://jobs.us.pwc.com/job/-/-/932/88512477984,,,
Arrakis Therapeutics,https://arrakistx.com/careers/current-openings/,,,
Voronoi Inc.,https://voronoi.career.greetinghr.com/en/apply,,,
Cue Biopharma,https://www.cuebiopharma.com/about-us/#careers,,,
Geneius Biotechnology,https://www.geneiusbiotech.com/copy-of-contact,,,
Genome Medical,https://www.genomemedical.com/company/#careers,,,
Oerth Bio,https://www.oerthbio.com/life-on-oerth/careers,https://oerthbio.bamboohr.com/js/embed.js,bamboohr,
Retrogen,https://retrogen.net/employment-opportunities/,,,
BVI Medical,https://mybvi.my.salesforce-sites.com/recruit,,,
McGuff Pharmaceuticals,https://www.mcguffpharmaceuticals.com/careers,,,
ScienCell Research Laboratories,https://sciencellonline.com/en/about/careers/,,,
TAE Life Sciences,https://taelifesciences.com/about-us/#careers,,,
Sironax,https://www.sironax.com/job-opportunities.php,,,
JPMorganChase,https://JPMorganChase.contacthr.com/149896484,,,
EnteroBiotix,https://www.enterobiotix.com/careers-benefits,,,email to apply with pdfs
ArCHitect Therapeutics,https://www.architecttherapeutics.com/#career,,,
kubota,https://kubota.jobylon.com/open-application/,,,
Nanobiosym,https://nanobiosym.applicantpro.com/company/,,,
Cairn Biosciences,https://cairn-biosciences-inc.welcomekit.co/,,,
Elpis Biopharmaceuticals,https://elpisbiopharmaceuticals.com/careers/,,,
Evopoint Biosciences,https://www.medilinkthera.com/careers#ny-nav,,,
Apex Medical Research,https://www.apexmedicalresearch.com/careers/,,,
Silent Spring Institute,https://silentspring.org/about-us/employment,,,email to apply with pdfs
Quris AI,https://www.comeet.com/company/quris/17.000,,,
Context Therapeutics,https://www.contexttherapeutics.com/careers,,,
BigHat Biosciences,https://bighatbiosciences.pinpointhq.com/en,,,
OKRA Care,https://www.envisionpharmagroup.com/careers,,,
DeepCure,https://www.comeet.com/jobs/deepcure/B7.003,,,
Eureka Therapeutics,https://www.eurekatherapeutics.com/careers/,,,
GT Biopharma,https://www.gtbiopharma.com/contact/careers,,,
Lodestone Biomedical,https://www.lodestonebiomedical.com/careers,,,
Siolta Therapeutics,https://www.sioltatherapeutics.com/careers/,,,
Reprise Biomedical,https://reprisebio.com/careers/#aol_ad_form,,,
ishare Inc,https://ishare-inc.careerplug.com/j/02sqgqh,,,
Bluefield Research,https://www.bluefieldresearch.com/careers/#,,,
NewAmsterdam Pharma,https://www.newamsterdampharma.com/careers/,,,
Orbis Medicines,https://www.orbismedicines.com/home#careers,https://orbismedicines.bamboohr.com/js/embed.js,bamboohr,
GenSight Biologics,https://www.gensight-biologics.com/careers/,,,
Good Doctor Cloud Health,https://www.hys.cn/index/shows/94/4089.html,,,
Delix Therapeutics,https://www.delixtherapeutics.com/careers/,,,
Astrix,https://jobs.astrixinc.com/corporate-jobs/,,,
ZigZag QA,https://zigzagassociates.careers.flair.hr/,,,
MDClone,https://www.comeet.com/jobs/mdclone/66.004,,,
"Opus Genetics, Inc.",https://opusgtx.com/about/careers-at-opus/,,,
Mitoc Digital Pathology,https://moticdigitalpathology.com/careers/,,,
Caption Health,https://careers.gehealthcare.com/global/en,,,
Intensity Therapeutics,https://intensitytherapeutics.com/careers/,,,
Nuvig Therapeutics,https://www.nuvigtherapeutics.com/careers/,,,
RefleXion,https://reflexion.com/our-company/careers/,,,
System Biosciences (SBI),https://www.systembio.com/company/careers/,,,
Portal Innovations,https://www.portalinnovations.com/careers/,,,
Hummingbird Bioscience,https://hummingbirdbioscience.com/careers/,https://hummingbirdbio.bamboohr.com/jobs/,bamboohr,
Kenbi,https://endeavourvision.com/company/kenbi/,,,
Collaborative Drug Discovery Inc.,https://www.collaborativedrug.com/careers,,,
Organovo,https://organovo.com/careers-at-organovo/,https://organovo.bamboohr.com/jobs/?source=aWQ9MjM=,bamboohr,
Access Vascular,https://www.accessvascularinc.com/careers,,,email to apply with pdfs
Alstem,https://www.alstembio.com/web/careers.php,,,
Coral Genomics,https://coralgenomics.com/careers?ref=ftr,,,
Eton Bioscience,https://www.etonbio.com/career/career.php,,,
Kimera Exosomes,https://www.kimeralabs.com/about/careers/,,,
Levitronix Technologies,https://www.levitronix.com/about/careers/,,,
Nature Coatings,https://www.naturecoatingsinc.com/careers,,,
NovaRock Biotherapeutics,https://www.novarockbio.com/home/careers/,,,
nRichDx,https://www.nrichdx.com/careers?hsLang=en,,,
Oligo Factory,https://oligofactory.com/company/careers/,,,
Portal Instruments,https://www.portalinstruments.com/careers,,,
ProtaGene,https://www.protagene.com/company/careers,,,
Sapience Therapeutics,https://sapiencetherapeutics.com/careers/,,,
Sardocor,https://www.medera.bio/programs/#sardocor,,,
Tedor Pharma,https://tedorpharma.com/about-us/careers/,,,
"GURUS INFOTECH, INC.",https://gurusinfotech.net/index.php/#Jobs,,,
Lupagen,https://www.lupagen.com/company/careers/,,,
Tubulis GmbH,https://tubulis.com/career?jobId=2318758,,,
More Diagnostics,https://www.morediagnostics.com/careers/,,,
AN2 Therapeutics,https://www.an2therapeutics.com/careers/,,,
Arctoris,https://www.arctoris.com/job/?id=2434771,,,
Casma Therapeutics,https://www.casmatx.com/careers-culture/,,,
CureLab Oncology,https://www.curelaboncology.com/careers/,,,email to apply with pdfs
EliteImmune,https://www.eliteimmune.com/Careers.html,,,
Persist AI,https://www.persist-ai.com/opportunities,,,
Predicine,https://www.predicine.com/about/#careers,,,
Xenetic Biosciences,https://www.xeneticbio.com/about/careers,,,
Pangea Bio,https://www.pangeabio.com/people/careers,https://pangeabotanica.bamboohr.com/careers,bamboohr,
Alden Scientific,https://www.aldenscientific.com/careers,,,
STC Biologics,https://stcbiologics.com/opportunities/,,,
Arthrex,https://careers.arthrex.com/sitemil.xml,,,
Protagonist Therapeutics,https://www.protagonist-inc.com/careers,,,
Blaze Bioscience,https://www.blazebioscience.com/careers,,,
Bluefin Biomedicine,https://www.bluefinbiomed.com/careers-1,,,
Brii Biosciences,https://careers.briibio.com/sitemal.xml,,,
Century Therapeutics,https://www.centurytx.com/join-us/#jobs,,,
GeneMed Biotechnologies,https://www.genemed.com/About-Us_2.html,,,
Kofimi Technology,https://www.kofi-group.com/search-jobs/,,,
MediciNova,https://medicinova.com/company/careers/,,,
Miach Orthopaedics,https://miachortho.com/about-us/careers,,,email to apply with pdfs
SeromYx Systems,https://www.seromyx.com/careers#Careers,,,
Siren Biotechnology,https://sirenbiotechnology.com/careers/,,,
Sound Biologics,https://www.soundbiologics.com/careers/,,,
Talus Bioscience,https://talusbio.applicantpro.com/jobs/,,,
Tvardi Therapeutics,https://tvarditherapeutics.com/careers/,,,
Voiant Medical,https://www.voiantclinical.com/careers/,,,
Wugen,https://wugen.com/career-opportunities/,,,
Third Rock Ventures,https://jobs.thirdrockventures.com/jobs,,,
TBSCG,https://www.tbscg.com/about-us/careers/,,,
Center for Advanced Bioenergy and Bioproducts Innovation (CABBI),https://cabbi.bio/about/jobs-at-cabbi/#,,,
Bizwit Research & Consulting LLP,https://www.bizwitresearch.com/careers/,,,
OnKure Therapeutics,https://onkuretherapeutics.com/careers/,,,
Vetsource,https://vetsource.com/about-us/careers/,,,
Microbiotica,https://microbiotica.com/working-here/,,,email to apply with pdfs
Ovelle,https://ovelle.bio/Research-Assistant/,,,
mantis robotics,https://www.mantis-robotics.com/career,,,
BioQ Pharma,https://bioqpharma.com/company/careers,,,
XenImmune Therapeutics,https://www.xenimmune.com/careers.html,,,
Capsigen,https://capsigen.com/#partners-careers,,,
CapsoVision,https://capsovision.com/about/careers/,,,
Curelator,https://n1-headache.com/about/careers/,,,
Delve Bio,https://www.delve.bio/company/careers/,,,
Diverse Biotech,https://diversebiotech.com/partnering/,,,
Differentiated Therapeutics,https://www.dxtherapeutics.com/careers,,,
Elixir Medical,https://elixirmedical.com/ous/careers/,,,
Endolytix,https://www.endolytx.bio/about/careers,,,
Nephros,https://www.nephros.com/about/careers/,,,
synthace,https://www.synthace.com/about/careers,,,
ThinkCyte,https://thinkcyte.com/company/careers/,,,
New Era Technology,https://www.neweratech.com/us/careers/,https://boards-api.greenhouse.io/v1/boards/neweratech/jobs?content=true,greenhouse,
Pariveda,https://parivedasolutions.com/careers/,,,
OFI,https://www.oficareers.com/search/jobs,,,
n6 Tec,https://www.n6tec.com/company#careers,,,
New Paradigm Biosciences,https://www.npbiosciences.com/careers,,,
Cofactor Genomics,https://cofactorgenomics.com/careers/,,,
Gain Therapeutics,https://gaintherapeutics.com/careers/,,,
Impiricus,https://impiricus.com/company/careers,https://job-boards.greenhouse.io/impiricus,greenhouse,
Innate Biotherapeutics,https://www.innate-pharma.com/careers,,,
LinaTech,http://www.linatech.com.cn/index.html,,,
MelliCell,https://www.mellicell.com/careers.php,,,
NanoCellect Biomedical,https://nanocellect.com/job-openings/,,,
PathMaker Neurosystems,https://pmneuro.com/about-us/careers/,,,
Port Therapeutics,https://porttherapeutics.com/#careers,,,
Pristine Surgical,https://pristinesurgical.com/careers/,,,
Remedium Bio,https://remedium-bio.com/careers.html,,,
Stellular Bio,https://www.stellularbio.com/#careers,,,
Visikol,https://visikol.com/about-us/careers/,,,
Recipharm Advanced Bio,https://www.recipharm-ab.com/careers/,,,
eXmoor Pharma,https://www.exmoorpharma.com/careers/,,,
Gamida Cell,https://www.gamida-cell.com/careers/,,,
RNAConnect,https://rnaconnect.com/pages/careers,,,
Adagio Medical,https://us.adagiomedical.com/careers,,,
bioAffinity Technologies,https://bioaffinitytech.com/careers/,,,
Cantata Bio,https://cantatabio.com/about#careers,https://edenroc.bamboohr.com/careers/,bamboohr,
Dren Bio,https://www.drenbio.com/careers.html,,,
ECI Therapeutics,https://ecitherapeutics.com/careers/,,,
Fulcrum Genomics,https://fulcrumgenomics.com/careers/,,,
Helios Cardio,https://www.helioscardio.com/careers,,,
Matexcel,https://www.matexcel.com/career.html,,,
Phanes Therapeutics,https://www.phanesthera.com/careers/,,,
Qualigen,https://qlgntx.com/about-us/careers/,,,
Ray Therapeutics,https://raytherapeutics.com/careers/,,,
Reactive Biosciences,https://www.reactivebio.com/careers/,,,
Switch Therapeutics,https://www.switchthera.com/careers/,,,
VBI Vaccines,https://www.vbivaccines.com/careers/,https://vbi.bamboohr.com/js/embed.js,bamboohr,
V&P Scientific,https://vp-sci.com/about-us/careers/,,,
NorthSea Therapeutics,https://northseatherapeutics.com/en/,,,
Opthea,https://opthea.com/our-culture/#jobs,,,
Experic,https://expericservices.com/careers/,,,
neuro42,https://www.neuro42.ai/join-our-team,,,
Virtual Incision,https://virtualincision.com/careers/,,,
Lumeon,https://lumeon.com/about-us/careers/,,,
Zai Lab,https://www.zailaboratory.com/jobs/,,,
ABclonal,https://abclonal.com/company/career,,,
Celdara Medical,https://celdaramedical.com/careers/,,,
Concerto Biosciences,https://www.concertobio.com/careers,,,
Direct Electron,https://directelectron.com/careers/,,,
Herophilus,https://www.herophilus.com/careers/,,,
LifeCanvas Technologies,https://lifecanvastech.com/careers/,,,
NewGen Surgical,https://newgensurgical.com/careers/,,,
Prolytix,https://www.goprolytix.com/careers/,,,
PROMETRIKA,https://www.prometrika.com/careers/,,,
Recludix Pharma,https://recludixpharma.com/careers/,,,
Sonde,https://www.sondehealth.com/join-us,,,
Tizona Therapeutics,https://www.tizonatx.com/team/#jobs,,,
Valitor,https://www.valitorbio.com/#careers,,,
VeriSIM Life,https://www.verisimlife.com/careers,,,
Business Knowledge Services,https://www.bksinc.com/careers.html,,,
"ClostraBio, Inc",https://clostrabio.com/careers.html,,,
Trishula Therapeutics,https://www.trishulatx.com/careers/,,,
Willow,https://onewillow.com/pages/careers,https://boards.greenhouse.io/embed/job_board/js?for=willowinnovations,greenhouse,
Intracept,https://www.intracept.com/home.html,,,
Aspire Systems,https://www.aspiresys.com/openings,,,
FreeThink Technologies,https://freethinktech.com/careers/,,,
Alphina Therapeutics,https://www.alphinatx.com/careers/,,,
Optotree,https://www.optotree.com/our-team/,,,
Souffle Therapeutics,https://www.souffletx.com/#careers,,,
Suntra MedTech,https://suntramedtech.com/careers/,,,
BioTheryX,https://www.biotheryx.com/careers/,,,
California Cultured,https://www.cacultured.com/careers,,,
Cell Guidance Systems,https://www.cellgs.com/careers.htm,,,
coremap,https://coremapmedical.com/careers,,,
EpicentRx,https://www.epicentrx.com/careers/,,,
Ernexa Therapeutics Inc.,https://www.ernexatx.com/careers-2,,,
Exegenesis Bio,https://exegenesisbio.com/careers/,,,
Glycomine,https://www.glycomine.com/careers/,,,
Immune Biosolutions,https://immunebiosolutions.com/en/,,,
Inhibikase Therapeutics,https://www.inhibikase.com/careers,,,
Likarda,https://likarda.com/about/careers/,,,
Locus Biosciences,https://www.locus-bio.com/careers/,,,
Lotus Clinical Research,https://lotuscr.com/about/careers/,,,
New Culture,https://www.newculture.com/careers,,,
Orgenesis,https://orgenesis.com/careers.html,,,
Partillion Bioscience,https://www.partillion.com/careers,,,
Provivi,https://www.provivi.com/en/careers,,,
Pyxis Oncology,https://pyxisoncology.com/careers/,https://boards.greenhouse.io/embed/job_board/js?for=pyxisoncology,greenhouse,
Reprieve Cardiovascular,https://reprievecardio.com/careers,,,
ResVita Bio,https://www.resvitabio.com/careers,,,
Scytek Laboratories,https://www.scytek.com/careers.asp,,,
Somagenics,https://www.somagenics.com/careers,,,
Spryte Medical,https://sprytemedical.com/#careers,,,
Variant Bio,https://www.variantbio.com/careers,,,
Niktor LLC,https://www.niktor.com/career.html,,,
StatSocial,https://www.statsocial.com/careers,,,
Paragon Biosciences,https://paragonbiosci.com/careers/,,,
Tempero Bio,https://www.temperobio.com/careers,,,
HistoWiz,https://home.histowiz.com/careers/,,,
Kadence Bio,https://www.kadencebio.com/careers,,,
Cytospire Therapeutics,https://www.cytospire.com/careers/,,,
Pheronym,https://www.pheronym.com/careers/,,,
BioSkyrb Genomics,https://www.bioskryb.com/careers/,,,
BrickBio,https://www.brickbio.com/careers2,,,
Cerevance,https://www.cerevance.com/careers,,,
Chimeron Bio,https://www.chimeron.com/careers/,,,
Contineum Therapeutics,https://contineum-tx.com/careers/,,,
HebeCell,https://hebecellcorp.com/careers/,,,
HelixBind,https://www.helixbind.com/careers,,,
Hunterian Medicine,https://www.hunterian.com/careers,,,
ImiDomics,https://www.imidomics.com/careers,,,
Innovac Therapeutics,https://www.innovactx.com/careers,,,
Invitek,https://www.alsglobal.com/careers,,,
Kanvas Bioscience,https://www.kanvasbio.com/careers,,,
Monopar Therapeutics,https://www.monopartx.com/careers,,,
Nkarta,https://www.nkartatx.com/careers/,https://boards.greenhouse.io/nkartatherapeutics,greenhouse,
Pearl Bio,https://www.pearlbio.com/#careers,,,
Phantom Neuro,https://phantomneuro.com/careers/,,,
Proteinea,https://www.proteinea.com/careers,,,
Protomer Technologies,https://www.protomer.com/careers/,,,
Quanta Therapeutics,https://www.quantatx.com/#careers,,,
R2M Pharma,https://www.r2mpharma.com/careers,,,email to apply with pdfs
Rejuvenate Bio,https://rejuvenatebio.com/careers,,,
SCARLETRED,https://www.scarletred.com/career,,,
Shoreline Biosciences,https://shoreline.health/careers/,,,
T-Cure,https://t-cure.com/about/careers/,,,
Versatope Therapeutics,https://www.versatope.com/careers,,,
Atos,https://jobs.atos.net/sitemal.xml,,,
VectorY Therapeutics,https://www.vectorytx.com/careers,,,
HealthJoy,https://www.healthjoy.com/careers,,,
Norchem Pharma,http://en.norchem-pharma.com/job/,,,
Aviceda,https://www.avicedarx.com/careers,https://avicedarx.bamboohr.com/js/embed.js,bamboohr,
Pramana,https://pramana.keka.com/careers,,,
Antibody Solutions,https://www.antibody.com/careers,,,
BioFluidica,https://biofluidica.com/careers/,,,
BlueCatBio,https://www.bluecatbio.com/jobs/,,,
Bolt Biotherapeutics,https://www.boltbio.com/careers/,,,
CB Therapeutics,https://www.cbthera.com/careers/,,,
Celltex,https://celltexbank.com/careers/,,,
CHO Plus,https://www.cho-plus.com/careers,,,
Clear Scientific,https://www.clearsci.com/careers,,,
Ekso Bionics,https://eksobionics.com/careers/,https://eksobionics.bamboohr.com/careers,bamboohr,
Engrail Therapeutics,https://www.engrail.com/careers/,,,
GigaGen,https://www.gigagen.com/#careers,,,
Inflammatix,https://inflammatix.com/careers/,https://boards.greenhouse.io/embed/job_board/js?for=inflammatix,greenhouse,
Interius BioTherapeutics,https://interiusbio.com/careers/,,,
NeuExcell Therapeutics,https://www.neuexcell.com/joinus,,,
NextPoint Therapeutics,https://nextpointtx.com/#careers,,,
NiKang Therapeutics,https://www.nikangtx.com/careers,https://nikangtx.bamboohr.com/js/embed.js,bamboohr,
Olaris Therapeutics,https://www.myolaris.com/careers,,,
OmniTier,https://www.omnitier.com/careers,,,
One Codex,https://www.onecodex.com/careers,,,
Parallel Biosystems,https://www.parallel.bio/careers,https://boards.greenhouse.io/embed/job_board/js?for=parallelbio,greenhouse,
Plastomics,https://plastomics.com/careers2/,,,
Rgenta Therapeutics Inc.,https://www.rgentatx.com/careers,,,
Sofregen Medical,https://www.sofregen.com/careers,https://boards.greenhouse.io/embed/job_board/js?for=sofregen,greenhouse,
Symberix,https://www.symberix.net/careers,,,
SyntheX,https://synthexlabs.com/careers/,,,
Tecomet,https://www.tecomet.com/careers/,,,
Uniquity Bio,https://www.uniquity.com/careers,,,
Vivonics,https://www.vivonics.com/careers,,,
ZymoChem,https://www.zymochem.com/careers,,,
MD Biosciences Neuro,https://www.mdbneuro.com/careers,,,
Ksana Health,https://ksanahealth.com/careers/,,,
Outcomes Premium,https://www.outcomes.com/careers,,,
Noema Pharma,https://noemapharma.com/careers/,,,
AnchorDx,https://www.anchordx.com/en/join,,,
Auron,https://www.aurontx.com/join-us,,,
MiRXES,https://www.mirxes.com/careers/,,,
Leukocare Biotechnology,https://career.leukocare.com/de,,,
Peter Biotherapeutics,https://www.peterbio.com/about/,,,
Bolt Threads,https://boltthreads.com/careers,,,
Cimeio Therapeutics,https://www.cimeio.com/careers/,,,
Cirsium biosciences,https://cirsiumbio.com/careers/,,,
CreaGen,https://creageninc.com/careers/,,,email to apply with pdfs
CTL Amedica,https://ctlamedica.com/careers/,,,
Cugene,https://www.cugene.com/careers/,,,
DiaCarta,http://www.diacarta.com/careers,,,
LogicInk,https://logicink.com/pages/jobs,,,
MatTek,https://www.mattek.com/careers/,,,
Microvi,https://www.microvi.com/careers,,,
Nektar Therapeutics,https://www.nektar.com/careers/,,,
SciGenom,https://www.scigenom.com/career,,,
Tectonic Therapeutic,https://tectonictx.com/#careers,,,
VedaBio,https://www.vedabio.com/careers,,,
Ozette,https://www.ozette.com/careers/,,,
amaris consulting,https://careers.amaris.com/jobs,,,
Moonlite AI,https://www.moonlite.ai/careers,https://job-boards.greenhouse.io/moonlite/jobs/4971678008,greenhouse,
COUR Pharma,https://courpharma.com/careers/,,,
CS Genetics,https://csgenetics.com/careers/,https://csgeneticsltd.bamboohr.com/js/embed.js,bamboohr,
Seamless Therapeutics,https://seamlesstx.com/careers/,,,
Pharvaris,https://pharvaris.com/careers/,,,
AVS Bio,https://www.avsbio.com/contact,,,
Viltis,https://careers.bioethic.co/#/,,,
Nabla Bio,https://jobs.gem.com/nabla-bio,,,
Aixa Bio,https://www.aixa.bio/careers-1,,,
Eutropics Pharmaceuticals,https://eutropics.com/careers/,,,
Protein Dynamic Solutions,https://www.pdsbio.com/careers,,,
Eclipse Bio,https://eclipsebio.com/careers,,,
EditCo Bio:,https://www.editco.bio/careers,,,
Entact Bio,https://entactbio.com/careers/,,,
Genective,https://genective.com/careers/,,,
GrapheneDx,https://graphenedx.com/careers,https://boards.greenhouse.io/embed/job_board/js?for=graphenedx,greenhouse,
Green Mountain Antibodies,https://greenmoab.com/careers/,,,
HiberCell,https://hibercell.com/careers/,,,
InnoVoyce,https://innovoyce.com/careers/,,,
jCyte,https://www.jcyte.com/careers/,,,
MicuRX Pharmaceuticals,https://www.micurx.com/careers,,,
Nitrase Therapeutics,https://nitrasetx.com/careers/,,,
NovoMedix,https://novomedix.com/careers/,,,
PhenoVista Biosciences,https://phenovista.com/careers,,,
ProMab Biotechnologies,https://www.promab.com/careers,,,
Rilas Technologies,https://rilastech.com/careers/,,,
RT MicroDx,https://rtmicrodx.com/careers/,,,
Spruce Biosciences,https://sprucebio.com/careers/,,,
Taysha Gene Therapies,https://tayshagtx.com/careers/,,,
Thryv Therapeutics,https://thryvtrx.com/careers-1,,,
TScan Therapeutics,https://www.tscan.com/careers/,,,
Xellar Biosystems,https://xellarbio.com/careers/,,,
Zea Biosciences,https://www.zeabio.com/careers,,,
Young Pharmaceuticals Inc,https://youngpharm.com/careers,,,
Toyota Research Institute,https://www.tri.global/careers,,,
Nexamp,https://www.nexamp.com/careers,,,
Granite Bio AG,https://granitebio.com/#career,,,
Discover Medartis,https://medartis.com/en/career,,,
AmbAgon Therapeutics,https://ambagontx.homerun.co/,,,
Gentuity,https://gentuity.com/careers/,,,
Synaptic Medical,https://synapticmed.com/join/,,,
Mercy BioAnalytics,https://mercybio.com/careers/,,,
Arthrosi Therapeutics,https://arthrosi.com/careers/,,,
BioGenex,https://biogenex.com/careers/,,,
Diadem Biotherapeuitcs,https://diadembio.com/careers,,,
Inceptor Bio,https://inceptor.bio/careers/,,,
iMicrobes,https://imicrobes.com/careers,,,
Inscopix,https://inscopix.com/careers/,,,
Instylla,https://instylla.com/careers/,,,
levitate bio,https://levitate.bio/careers/,,,
Moonwalk Biosciences,https://moonwalk.bio/careers/,https://app.trinethire.com/companies/92468-moonwalk-biosciences-inc/jobs/embed,trinethire,
Mythic Therapeutics,https://mythictx.com/careers/,,,
Novici Biotech,https://www.novicibiotech.org,,,
Nvigen,https://www.nvigen.com/career,,,email to apply with pdfs
Oova,https://www.oova.life/careers,,,
Polynoma,https://polynoma.com/careers/,,,
Prominex,https://prominex.com/careers/,,,
Redona Therapeutics,https://redonatx.com/careers/,,,
SunVax mRNA Therapeutics,https://sunvaxmrna.com/career,,,
Creospan Inc.,https://creospan.com/careers/,,,
Dimension Bio,https://dimension.bio/careers,,,
Numab Therapeutics AG,https://www.numab.com/careers,,,
Purinomia Biotech,https://purinomia.com/career,,,
Enquyst Technologies,https://enquyst.com/careers/,,,
ZSFab,https://www.zsfab.com/career,,,
Allarta Life Science,https://allarta.com/careers/,,,
Biopico Systems,https://biopico.com/careers/,,,
Diagnostic BioSystems,https://dbiosys.com/careers/,,,email to apply with pdfs
Lingrove,https://ekoa.design/careers/,,,
Enlaza Therapeutics,https://enlazatx.com/careers,,,
Heranova Lifesciences,https://heranova.com/careers,,,
INanoBio,https://inanobio.com/#career,,,
Nalu Medical,https://nalumed.com/careers/,,,
nference,https://nference.com/careers,,,
Nodexus,https://nodexus.com/careers/,https://boards.greenhouse.io/embed/job_board/js?for=nodexusinc,greenhouse,
Nona Biosciences,https://nonabio.com/careers/,,,
Promis Diagnostics,https://www.promishealth.org,,,
SciQuus,https://sciquus.com/careers/,,,
Sentynl Therapeutics,https://sentynl.com/careers/,,,
Synchron,https://synchron.com/careers,https://boards.greenhouse.io/synchron/jobs/5712792004?gh_jid=5712792004,greenhouse,
TrueTag Technologies,https://trutags.com/careers/,,,
Vicebio,https://vicebio.com/careers/,,,
Syndeio Biosciences,https://www.syndeio.bio/home,,,
Xylo,https://www.xylo.bio/careers,,,
TrakCel,https://trakcel.com/careers/,,,
Promaxo,https://promaxo.com/careers/,,,
Citryll,https://citryll.com/careers/,,,
LoQus23 Therapeutics,https://loqus23.com/careers/,,,
OMEICOS,https://omeicos.com/careers/,,,
Pheon Therapeutics,https://pheontx.com/careers/,,,
Nuvaira,https://nuvaira.com/careers/,,,
The Judge Group,https://www.judge.com/jobs/,,,
CovalX,https://covalx.com/careers/,,,
Harvard Apparatus Regenerative Technology,https://hregen.com/careers/,,,
Indapta Therapeutics,https://indapta.com/#career,https://app.trinethire.com/companies/46986-indapta-therapeutics-inc/jobs/embed,trinethire,
NemaGen Discoveries,https://nemagen.com/careers,,,
PEEL Therapeutics,https://peeltx.com/careers/,,,
Phizzle,https://phizzle.com/careers,,,
Qlaris Bio,https://qlaris.bio/careers/,,,
Tevard Biosciences,https://tevard.com/#careers,,,
Virtici,https://virtici.com/careers,,,
Tremeau Pharmaceuticals,https://tremeau.com/careers,,,
Detalimogene,https://engene.com/careers/,,,
GV20 Therapeutics,https://gv20tx.com/careers,,,
New England Drug Discovery Partners,https://nedp.com/contact/,,,
Nanome,https://nanome.ai/careers,,,
TRexBio,https://trex.bio/careers/,,,
Immunic Therapeutics,https://imux.com/career/,,,
Quantum Diamond Technologics,https://qdti.com/careers,,,
F2G,https://f2g.com/careers/,,,
